dataset,filename,valid_shape,all_finite,within_0_1,min,max,mean,std
real,real_0000.nii.gz,True,True,True,0.0,1.0,0.07430420815944672,0.15475264191627502
real,real_0001.nii.gz,True,True,True,0.0,1.0,0.08417875319719315,0.1892726719379425
real,real_0002.nii.gz,True,True,True,0.0,1.0,0.07780778408050537,0.16338995099067688
real,real_0003.nii.gz,True,True,True,0.0,1.0,0.06995132565498352,0.15936900675296783
real,real_0004.nii.gz,True,True,True,0.0,1.0,0.07474946230649948,0.15150035917758942
real,real_0005.nii.gz,True,True,True,0.0,1.0,0.11819037795066833,0.24071693420410156
real,real_0006.nii.gz,True,True,True,0.0,1.0,0.05392400547862053,0.12527720630168915
real,real_0007.nii.gz,True,True,True,0.0,1.0,0.11301633715629578,0.22240714728832245
real,real_0008.nii.gz,True,True,True,0.0,1.0,0.07177085429430008,0.1616675704717636
real,real_0009.nii.gz,True,True,True,0.0,1.0,0.08148312568664551,0.16235396265983582
real,real_0010.nii.gz,True,True,True,0.0,1.0,0.0796012356877327,0.17149166762828827
real,real_0011.nii.gz,True,True,True,0.0,1.0,0.075081005692482,0.15911765396595
real,real_0012.nii.gz,True,True,True,0.0,1.0,0.07969000935554504,0.17336450517177582
real,real_0013.nii.gz,True,True,True,0.0,1.0,0.05964941531419754,0.1459285467863083
real,real_0014.nii.gz,True,True,True,0.0,1.0,0.0754338800907135,0.15280552208423615
real,real_0015.nii.gz,True,True,True,0.0,1.0,0.11204912513494492,0.2417207509279251
real,real_0016.nii.gz,True,True,True,0.0,1.0,0.06610210239887238,0.13425883650779724
real,real_0017.nii.gz,True,True,True,0.0,1.0,0.09794363379478455,0.21892458200454712
real,real_0018.nii.gz,True,True,True,0.0,1.0,0.10989230871200562,0.25512033700942993
real,real_0019.nii.gz,True,True,True,0.0,1.0,0.10351454466581345,0.2125433385372162
real,real_0020.nii.gz,True,True,True,0.0,1.0,0.10873079299926758,0.21961303055286407
real,real_0021.nii.gz,True,True,True,0.0,1.0,0.047257065773010254,0.1151839941740036
real,real_0022.nii.gz,True,True,True,0.0,1.0,0.09551897644996643,0.19862008094787598
real,real_0023.nii.gz,True,True,True,0.0,1.0,0.08031830936670303,0.17800688743591309
real,real_0024.nii.gz,True,True,True,0.0,1.0,0.06993798911571503,0.14751985669136047
real,real_0025.nii.gz,True,True,True,0.0,1.0,0.055044230073690414,0.13485564291477203
real,real_0026.nii.gz,True,True,True,0.0,1.0,0.08399149775505066,0.17130497097969055
real,real_0027.nii.gz,True,True,True,0.0,1.0,0.04449786990880966,0.10002497583627701
real,real_0028.nii.gz,True,True,True,0.0,1.0,0.10922741144895554,0.22022557258605957
real,real_0029.nii.gz,True,True,True,0.0,1.0,0.06865906715393066,0.15538804233074188
real,real_0030.nii.gz,True,True,True,0.0,1.0,0.09378699213266373,0.20854519307613373
real,real_0031.nii.gz,True,True,True,0.0,1.0,0.07175968587398529,0.1572127342224121
real,real_0032.nii.gz,True,True,True,0.0,1.0,0.08138769865036011,0.17503610253334045
real,real_0033.nii.gz,True,True,True,0.0,1.0,0.06860262900590897,0.14625969529151917
real,real_0034.nii.gz,True,True,True,0.0,1.0,0.10075225681066513,0.22067785263061523
real,real_0035.nii.gz,True,True,True,0.0,1.0,0.07924051582813263,0.16769957542419434
real,real_0036.nii.gz,True,True,True,0.0,1.0,0.07995706051588058,0.1806940883398056
real,real_0037.nii.gz,True,True,True,0.0,1.0,0.06218431517481804,0.14444337785243988
real,real_0038.nii.gz,True,True,True,0.0,1.0,0.07571257650852203,0.16332466900348663
real,real_0039.nii.gz,True,True,True,0.0,1.0,0.08704744279384613,0.19755113124847412
real,real_0040.nii.gz,True,True,True,0.0,1.0,0.0942421406507492,0.2305469661951065
real,real_0041.nii.gz,True,True,True,0.0,1.0,0.06345526874065399,0.1396838277578354
real,real_0042.nii.gz,True,True,True,0.0,1.0,0.0632360652089119,0.13925768435001373
real,real_0043.nii.gz,True,True,True,0.0,1.0,0.07576344162225723,0.16455484926700592
real,real_0044.nii.gz,True,True,True,0.0,1.0,0.06750969588756561,0.14746089279651642
real,real_0045.nii.gz,True,True,True,0.0,1.0,0.06475905328989029,0.14920714497566223
real,real_0046.nii.gz,True,True,True,0.0,1.0,0.08093328773975372,0.1783098578453064
real,real_0047.nii.gz,True,True,True,0.0,1.0,0.10953730344772339,0.22403746843338013
real,real_0048.nii.gz,True,True,True,0.0,1.0,0.07784119993448257,0.16764366626739502
real,real_0049.nii.gz,True,True,True,0.0,1.0,0.051764845848083496,0.11499449610710144
real,real_0050.nii.gz,True,True,True,0.0,1.0,0.07962589710950851,0.17109623551368713
real,real_0051.nii.gz,True,True,True,0.0,1.0,0.048398230224847794,0.12008649855852127
real,real_0052.nii.gz,True,True,True,0.0,1.0,0.08261742442846298,0.17740017175674438
real,real_0053.nii.gz,True,True,True,0.0,1.0,0.10397693514823914,0.2304764688014984
real,real_0054.nii.gz,True,True,True,0.0,1.0,0.07781729847192764,0.18107934296131134
real,real_0055.nii.gz,True,True,True,0.0,1.0,0.08748363703489304,0.18644271790981293
real,real_0056.nii.gz,True,True,True,0.0,1.0,0.05466826632618904,0.12397092580795288
real,real_0057.nii.gz,True,True,True,0.0,1.0,0.0995851382613182,0.2113034874200821
real,real_0058.nii.gz,True,True,True,0.0,1.0,0.07623914629220963,0.16556130349636078
real,real_0059.nii.gz,True,True,True,0.0,1.0,0.06652668118476868,0.17206399142742157
real,real_0060.nii.gz,True,True,True,0.0,1.0,0.08746949583292007,0.1990373432636261
real,real_0061.nii.gz,True,True,True,0.0,1.0,0.1124848946928978,0.25202205777168274
real,real_0062.nii.gz,True,True,True,0.0,1.0,0.10735312849283218,0.22909988462924957
real,real_0063.nii.gz,True,True,True,0.0,1.0,0.08233976364135742,0.1797402799129486
real,real_0064.nii.gz,True,True,True,0.0,1.0,0.09140203893184662,0.20235902070999146
real,real_0065.nii.gz,True,True,True,0.0,1.0,0.12068583816289902,0.24232235550880432
real,real_0066.nii.gz,True,True,True,0.0,1.0,0.05787484347820282,0.13340555131435394
real,real_0067.nii.gz,True,True,True,0.0,1.0,0.09600768983364105,0.22656865417957306
real,real_0068.nii.gz,True,True,True,0.0,1.0,0.08833462744951248,0.19938655197620392
real,real_0069.nii.gz,True,True,True,0.0,1.0,0.0683390349149704,0.16072183847427368
real,real_0070.nii.gz,True,True,True,0.0,1.0,0.06708624213933945,0.13747745752334595
real,real_0071.nii.gz,True,True,True,0.0,1.0,0.10591144859790802,0.21244017779827118
real,real_0072.nii.gz,True,True,True,0.0,1.0,0.08463743329048157,0.1837814748287201
real,real_0073.nii.gz,True,True,True,0.0,1.0,0.050822846591472626,0.11452822387218475
real,real_0074.nii.gz,True,True,True,0.0,1.0,0.1105390414595604,0.19596004486083984
real,real_0075.nii.gz,True,True,True,0.0,1.0,0.10676291584968567,0.20597699284553528
real,real_0076.nii.gz,True,True,True,0.0,1.0,0.1009557694196701,0.21274806559085846
real,real_0077.nii.gz,True,True,True,0.0,1.0,0.09796389192342758,0.22236889600753784
real,real_0078.nii.gz,True,True,True,0.0,1.0,0.05621761456131935,0.12642402946949005
real,real_0079.nii.gz,True,True,True,0.0,1.0,0.11513916403055191,0.2599915862083435
real,real_0080.nii.gz,True,True,True,0.0,1.0,0.11787446588277817,0.24594959616661072
real,real_0081.nii.gz,True,True,True,0.0,1.0,0.035092033445835114,0.0885009840130806
real,real_0082.nii.gz,True,True,True,0.0,1.0,0.06247733160853386,0.13799051940441132
real,real_0083.nii.gz,True,True,True,0.0,1.0,0.07832635194063187,0.15866923332214355
real,real_0084.nii.gz,True,True,True,0.0,1.0,0.12326949089765549,0.238848477602005
real,real_0085.nii.gz,True,True,True,0.0,1.0,0.06599316000938416,0.13020208477973938
real,real_0086.nii.gz,True,True,True,0.0,1.0,0.10417300462722778,0.20405367016792297
real,real_0087.nii.gz,True,True,True,0.0,1.0,0.09509750455617905,0.20330996811389923
real,real_0088.nii.gz,True,True,True,0.0,1.0,0.05894181504845619,0.14128029346466064
real,real_0089.nii.gz,True,True,True,0.0,1.0,0.0886237844824791,0.19788868725299835
real,real_0090.nii.gz,True,True,True,0.0,1.0,0.06497552990913391,0.15433375537395477
real,real_0091.nii.gz,True,True,True,0.0,1.0,0.047628894448280334,0.10603459924459457
real,real_0092.nii.gz,True,True,True,0.0,1.0,0.05391187593340874,0.11034947633743286
real,real_0093.nii.gz,True,True,True,0.0,1.0,0.08062271028757095,0.16724421083927155
real,real_0094.nii.gz,True,True,True,0.0,1.0,0.08571511507034302,0.18997184932231903
real,real_0095.nii.gz,True,True,True,0.0,1.0,0.0708010345697403,0.15121328830718994
real,real_0096.nii.gz,True,True,True,0.0,1.0,0.09840144217014313,0.21885880827903748
real,real_0097.nii.gz,True,True,True,0.0,1.0,0.0657108798623085,0.14029528200626373
real,real_0098.nii.gz,True,True,True,0.0,1.0,0.06969841569662094,0.13823992013931274
real,real_0099.nii.gz,True,True,True,0.0,1.0,0.04284859076142311,0.09809461236000061
real,real_0100.nii.gz,True,True,True,0.0,1.0,0.0886814296245575,0.18010367453098297
real,real_0101.nii.gz,True,True,True,0.0,1.0,0.09789477288722992,0.23801134526729584
real,real_0102.nii.gz,True,True,True,0.0,1.0,0.06359903514385223,0.13077867031097412
real,real_0103.nii.gz,True,True,True,0.0,1.0,0.09432124346494675,0.1926204264163971
real,real_0104.nii.gz,True,True,True,0.0,1.0,0.08642774075269699,0.1854182332754135
real,real_0105.nii.gz,True,True,True,0.0,1.0,0.06666699051856995,0.1586669385433197
real,real_0106.nii.gz,True,True,True,0.0,1.0,0.07317448407411575,0.16544729471206665
real,real_0107.nii.gz,True,True,True,0.0,1.0,0.08557479083538055,0.17952607572078705
real,real_0108.nii.gz,True,True,True,0.0,1.0,0.1120682880282402,0.2224389612674713
real,real_0109.nii.gz,True,True,True,0.0,1.0,0.08133608847856522,0.1657741665840149
real,real_0110.nii.gz,True,True,True,0.0,1.0,0.10850172489881516,0.22295258939266205
real,real_0111.nii.gz,True,True,True,0.0,1.0,0.08225865662097931,0.18535546958446503
real,real_0112.nii.gz,True,True,True,0.0,1.0,0.08008331805467606,0.19074556231498718
real,real_0113.nii.gz,True,True,True,0.0,1.0,0.032207418233156204,0.08401607722043991
real,real_0114.nii.gz,True,True,True,0.0,1.0,0.0717734694480896,0.15985029935836792
real,real_0115.nii.gz,True,True,True,0.0,1.0,0.09626025706529617,0.18810178339481354
real,real_0116.nii.gz,True,True,True,0.0,1.0,0.07052269577980042,0.14877526462078094
real,real_0117.nii.gz,True,True,True,0.0,1.0,0.07168424874544144,0.16435746848583221
real,real_0118.nii.gz,True,True,True,0.0,1.0,0.10314805805683136,0.20794998109340668
real,real_0119.nii.gz,True,True,True,0.0,1.0,0.0659872442483902,0.14310184121131897
real,real_0120.nii.gz,True,True,True,0.0,1.0,0.08859220892190933,0.18074308335781097
real,real_0121.nii.gz,True,True,True,0.0,1.0,0.0897662341594696,0.17895565927028656
real,real_0122.nii.gz,True,True,True,0.0,1.0,0.081170454621315,0.17711225152015686
real,real_0123.nii.gz,True,True,True,0.0,1.0,0.10017066448926926,0.21904268860816956
real,real_0124.nii.gz,True,True,True,0.0,1.0,0.04868597164750099,0.10486400127410889
real,real_0125.nii.gz,True,True,True,0.0,1.0,0.045956555753946304,0.09702382981777191
real,real_0126.nii.gz,True,True,True,0.0,1.0,0.07563906162977219,0.18121948838233948
real,real_0127.nii.gz,True,True,True,0.0,1.0,0.11609891057014465,0.23849305510520935
real,real_0128.nii.gz,True,True,True,0.0,1.0,0.08104870468378067,0.1792151778936386
real,real_0129.nii.gz,True,True,True,0.0,1.0,0.06773815304040909,0.17921075224876404
real,real_0130.nii.gz,True,True,True,0.0,1.0,0.06934133917093277,0.1592315286397934
real,real_0131.nii.gz,True,True,True,0.0,1.0,0.0815390795469284,0.17500755190849304
real,real_0132.nii.gz,True,True,True,0.0,1.0,0.059492651373147964,0.14164994657039642
real,real_0133.nii.gz,True,True,True,0.0,1.0,0.11650393903255463,0.24159370362758636
real,real_0134.nii.gz,True,True,True,0.0,1.0,0.11177453398704529,0.2391548603773117
real,real_0135.nii.gz,True,True,True,0.0,1.0,0.07665814459323883,0.1720689982175827
real,real_0136.nii.gz,True,True,True,0.0,1.0,0.0728679969906807,0.1658582240343094
real,real_0137.nii.gz,True,True,True,0.0,1.0,0.07706780731678009,0.1761905550956726
real,real_0138.nii.gz,True,True,True,0.0,1.0,0.062380384653806686,0.15208004415035248
real,real_0139.nii.gz,True,True,True,0.0,1.0,0.08836076408624649,0.20046719908714294
real,real_0140.nii.gz,True,True,True,0.0,1.0,0.09409116208553314,0.19801288843154907
real,real_0141.nii.gz,True,True,True,0.0,1.0,0.09050565958023071,0.18917956948280334
real,real_0142.nii.gz,True,True,True,0.0,1.0,0.06741224229335785,0.14293402433395386
real,real_0143.nii.gz,True,True,True,0.0,1.0,0.08716880530118942,0.1721743941307068
real,real_0144.nii.gz,True,True,True,0.0,1.0,0.06705576181411743,0.16336555778980255
real,real_0145.nii.gz,True,True,True,0.0,1.0,0.06609953194856644,0.1502494513988495
real,real_0146.nii.gz,True,True,True,0.0,1.0,0.09760540723800659,0.19995518028736115
real,real_0147.nii.gz,True,True,True,0.0,1.0,0.11438784003257751,0.2219514399766922
real,real_0148.nii.gz,True,True,True,0.0,1.0,0.040845733135938644,0.1005033627152443
real,real_0149.nii.gz,True,True,True,0.0,1.0,0.05345740169286728,0.1186189353466034
real,real_0150.nii.gz,True,True,True,0.0,1.0,0.07817544788122177,0.17240126430988312
real,real_0151.nii.gz,True,True,True,0.0,1.0,0.09540726989507675,0.20449061691761017
real,real_0152.nii.gz,True,True,True,0.0,1.0,0.07950912415981293,0.1598149836063385
real,real_0153.nii.gz,True,True,True,0.0,1.0,0.06237715855240822,0.14231044054031372
real,real_0154.nii.gz,True,True,True,0.0,1.0,0.07423226535320282,0.1666083037853241
real,real_0155.nii.gz,True,True,True,0.0,1.0,0.12380591779947281,0.23765654861927032
real,real_0156.nii.gz,True,True,True,0.0,1.0,0.07811648398637772,0.1631709486246109
real,real_0157.nii.gz,True,True,True,0.0,1.0,0.08795226365327835,0.18438969552516937
real,real_0158.nii.gz,True,True,True,0.0,1.0,0.07187794893980026,0.15196262300014496
real,real_0159.nii.gz,True,True,True,0.0,1.0,0.05850496143102646,0.1315850019454956
real,real_0160.nii.gz,True,True,True,0.0,1.0,0.09193482249975204,0.18901129066944122
real,real_0161.nii.gz,True,True,True,0.0,1.0,0.12452486157417297,0.2401406466960907
real,real_0162.nii.gz,True,True,True,0.0,1.0,0.09640751034021378,0.20622098445892334
real,real_0163.nii.gz,True,True,True,0.0,1.0,0.10237262398004532,0.1987970471382141
real,real_0164.nii.gz,True,True,True,0.0,1.0,0.08176577836275101,0.17909444868564606
real,real_0165.nii.gz,True,True,True,0.0,1.0,0.06547830253839493,0.1467837244272232
real,real_0166.nii.gz,True,True,True,0.0,1.0,0.06249329447746277,0.14150559902191162
real,real_0167.nii.gz,True,True,True,0.0,1.0,0.057998985052108765,0.13301308453083038
real,real_0168.nii.gz,True,True,True,0.0,1.0,0.11241844296455383,0.2403302937746048
real,real_0169.nii.gz,True,True,True,0.0,1.0,0.0892910286784172,0.19470977783203125
real,real_0170.nii.gz,True,True,True,0.0,1.0,0.11896753311157227,0.237923726439476
real,real_0171.nii.gz,True,True,True,0.0,1.0,0.09486014395952225,0.20170477032661438
real,real_0172.nii.gz,True,True,True,0.0,1.0,0.059149179607629776,0.13337424397468567
real,real_0173.nii.gz,True,True,True,0.0,1.0,0.0710579976439476,0.1537972241640091
real,real_0174.nii.gz,True,True,True,0.0,1.0,0.0749518945813179,0.16994386911392212
real,real_0175.nii.gz,True,True,True,0.0,1.0,0.09920178353786469,0.19774554669857025
real,real_0176.nii.gz,True,True,True,0.0,1.0,0.060892947018146515,0.1331569105386734
real,real_0177.nii.gz,True,True,True,0.0,1.0,0.09063663333654404,0.20579595863819122
real,real_0178.nii.gz,True,True,True,0.0,1.0,0.08078894764184952,0.17215292155742645
real,real_0179.nii.gz,True,True,True,0.0,1.0,0.05906723812222481,0.13622671365737915
real,real_0180.nii.gz,True,True,True,0.0,1.0,0.0950588658452034,0.20525690913200378
real,real_0181.nii.gz,True,True,True,0.0,1.0,0.09813175350427628,0.2178085595369339
real,real_0182.nii.gz,True,True,True,0.0,1.0,0.06001994013786316,0.1456708163022995
real,real_0183.nii.gz,True,True,True,0.0,1.0,0.06012776494026184,0.13270598649978638
real,real_0184.nii.gz,True,True,True,0.0,1.0,0.08082248270511627,0.18499213457107544
real,real_0185.nii.gz,True,True,True,0.0,1.0,0.06274884194135666,0.14167867600917816
real,real_0186.nii.gz,True,True,True,0.0,1.0,0.0749865472316742,0.1590612232685089
real,real_0187.nii.gz,True,True,True,0.0,1.0,0.07938450574874878,0.17203544080257416
real,real_0188.nii.gz,True,True,True,0.0,1.0,0.06725423038005829,0.14797675609588623
real,real_0189.nii.gz,True,True,True,0.0,1.0,0.10792747884988785,0.2118820995092392
real,real_0190.nii.gz,True,True,True,0.0,1.0,0.08149798959493637,0.18500562012195587
real,real_0191.nii.gz,True,True,True,0.0,1.0,0.059701576828956604,0.13975059986114502
real,real_0192.nii.gz,True,True,True,0.0,1.0,0.09831851720809937,0.20174691081047058
real,real_0193.nii.gz,True,True,True,0.0,1.0,0.05600322410464287,0.1215447410941124
real,real_0194.nii.gz,True,True,True,0.0,1.0,0.05754781514406204,0.13098955154418945
real,real_0195.nii.gz,True,True,True,0.0,1.0,0.05387391149997711,0.11809314787387848
real,real_0196.nii.gz,True,True,True,0.0,1.0,0.10380157083272934,0.22262611985206604
real,real_0197.nii.gz,True,True,True,0.0,1.0,0.06540346145629883,0.14389464259147644
real,real_0198.nii.gz,True,True,True,0.0,1.0,0.09555095434188843,0.19654054939746857
real,real_0199.nii.gz,True,True,True,0.0,1.0,0.09601283073425293,0.201654314994812
ddpm_v5,ddpm_v5_0000.nii.gz,True,True,True,0.0,1.0,0.10535803437232971,0.1838265359401703
ddpm_v5,ddpm_v5_0001.nii.gz,True,True,True,0.0,1.0,0.09826705604791641,0.1665419638156891
ddpm_v5,ddpm_v5_0002.nii.gz,True,True,True,0.0,1.0,0.10263282060623169,0.17544333636760712
ddpm_v5,ddpm_v5_0003.nii.gz,True,True,True,0.0,1.0,0.09563727676868439,0.16819556057453156
ddpm_v5,ddpm_v5_0004.nii.gz,True,True,True,0.0,1.0,0.09637380391359329,0.16385914385318756
ddpm_v5,ddpm_v5_0005.nii.gz,True,True,True,0.0,1.0,0.1034812331199646,0.17658275365829468
ddpm_v5,ddpm_v5_0006.nii.gz,True,True,True,0.0,1.0,0.09808725863695145,0.16798894107341766
ddpm_v5,ddpm_v5_0007.nii.gz,True,True,True,0.0,1.0,0.10019338130950928,0.17332223057746887
ddpm_v5,ddpm_v5_0008.nii.gz,True,True,True,0.0,1.0,0.10463207960128784,0.18270832300186157
ddpm_v5,ddpm_v5_0009.nii.gz,True,True,True,0.0,1.0,0.10098807513713837,0.1723577231168747
ddpm_v5,ddpm_v5_0010.nii.gz,True,True,True,0.0,1.0,0.10234533995389938,0.17490254342556
ddpm_v5,ddpm_v5_0011.nii.gz,True,True,True,0.0,1.0,0.10388249158859253,0.17251579463481903
ddpm_v5,ddpm_v5_0012.nii.gz,True,True,True,0.0,1.0,0.10274039208889008,0.17317555844783783
ddpm_v5,ddpm_v5_0013.nii.gz,True,True,True,0.0,1.0,0.10356102883815765,0.17828518152236938
ddpm_v5,ddpm_v5_0014.nii.gz,True,True,True,0.0,1.0,0.10241184383630753,0.17647066712379456
ddpm_v5,ddpm_v5_0015.nii.gz,True,True,True,0.0,1.0,0.10279110074043274,0.175957590341568
ddpm_v5,ddpm_v5_0016.nii.gz,True,True,True,0.0,1.0,0.10186377167701721,0.16539017856121063
ddpm_v5,ddpm_v5_0017.nii.gz,True,True,True,0.0,1.0,0.10024590790271759,0.16716590523719788
ddpm_v5,ddpm_v5_0018.nii.gz,True,True,True,0.0,1.0,0.10359720140695572,0.17884431779384613
ddpm_v5,ddpm_v5_0019.nii.gz,True,True,True,0.0,1.0,0.10438136756420135,0.1805494874715805
ddpm_v5,ddpm_v5_0020.nii.gz,True,True,True,0.0,1.0,0.10232046991586685,0.17546337842941284
ddpm_v5,ddpm_v5_0021.nii.gz,True,True,True,0.0,1.0,0.09938840568065643,0.1711704581975937
ddpm_v5,ddpm_v5_0022.nii.gz,True,True,True,0.0,1.0,0.10442281514406204,0.18401694297790527
ddpm_v5,ddpm_v5_0023.nii.gz,True,True,True,0.0,1.0,0.1010081022977829,0.17515058815479279
ddpm_v5,ddpm_v5_0024.nii.gz,True,True,True,0.0,1.0,0.09967073053121567,0.16914154589176178
ddpm_v5,ddpm_v5_0025.nii.gz,True,True,True,0.0,1.0,0.09916851669549942,0.1675509661436081
ddpm_v5,ddpm_v5_0026.nii.gz,True,True,True,0.0,1.0,0.10270660370588303,0.17447547614574432
ddpm_v5,ddpm_v5_0027.nii.gz,True,True,True,0.0,1.0,0.09783580154180527,0.16557316482067108
ddpm_v5,ddpm_v5_0028.nii.gz,True,True,True,0.0,1.0,0.11095047742128372,0.18808108568191528
ddpm_v5,ddpm_v5_0029.nii.gz,True,True,True,0.0,1.0,0.1087508499622345,0.1824415773153305
ddpm_v5,ddpm_v5_0030.nii.gz,True,True,True,0.0,1.0,0.10093753784894943,0.17491735517978668
ddpm_v5,ddpm_v5_0031.nii.gz,True,True,True,0.0,1.0,0.10448721051216125,0.17864948511123657
ddpm_v5,ddpm_v5_0032.nii.gz,True,True,True,0.0,1.0,0.1004582867026329,0.1725587695837021
ddpm_v5,ddpm_v5_0033.nii.gz,True,True,True,0.0,1.0,0.10574562102556229,0.1807347685098648
ddpm_v5,ddpm_v5_0034.nii.gz,True,True,True,0.0,1.0,0.09700525552034378,0.16687089204788208
ddpm_v5,ddpm_v5_0035.nii.gz,True,True,True,0.0,1.0,0.1026431992650032,0.1751009076833725
ddpm_v5,ddpm_v5_0036.nii.gz,True,True,True,0.0,1.0,0.10679296404123306,0.18470045924186707
ddpm_v5,ddpm_v5_0037.nii.gz,True,True,True,0.0,1.0,0.0999458059668541,0.16640053689479828
ddpm_v5,ddpm_v5_0038.nii.gz,True,True,True,0.0,1.0,0.09825972467660904,0.17243652045726776
ddpm_v5,ddpm_v5_0039.nii.gz,True,True,True,0.0,1.0,0.10863949358463287,0.18622852861881256
ddpm_v5,ddpm_v5_0040.nii.gz,True,True,True,0.0,1.0,0.09736227989196777,0.1657494753599167
ddpm_v5,ddpm_v5_0041.nii.gz,True,True,True,0.0,0.9939432144165039,0.10617814213037491,0.17458723485469818
ddpm_v5,ddpm_v5_0042.nii.gz,True,True,True,0.0,1.0,0.10491187125444412,0.17863616347312927
ddpm_v5,ddpm_v5_0043.nii.gz,True,True,True,0.0,1.0,0.09792062640190125,0.1703900694847107
ddpm_v5,ddpm_v5_0044.nii.gz,True,True,True,0.0,1.0,0.0879126712679863,0.1545674204826355
ddpm_v5,ddpm_v5_0045.nii.gz,True,True,True,0.0,1.0,0.10546928644180298,0.1782510131597519
ddpm_v5,ddpm_v5_0046.nii.gz,True,True,True,0.0,1.0,0.10502385348081589,0.17749004065990448
ddpm_v5,ddpm_v5_0047.nii.gz,True,True,True,0.0,1.0,0.09347866475582123,0.16787737607955933
ddpm_v5,ddpm_v5_0048.nii.gz,True,True,True,0.0,1.0,0.10074186325073242,0.17529815435409546
ddpm_v5,ddpm_v5_0049.nii.gz,True,True,True,0.0,1.0,0.1034536361694336,0.17469969391822815
ddpm_v5,ddpm_v5_0050.nii.gz,True,True,True,0.0,1.0,0.10340339690446854,0.17442673444747925
ddpm_v5,ddpm_v5_0051.nii.gz,True,True,True,0.0,1.0,0.09982489049434662,0.1701606959104538
ddpm_v5,ddpm_v5_0052.nii.gz,True,True,True,0.0,1.0,0.09503161907196045,0.16552144289016724
ddpm_v5,ddpm_v5_0053.nii.gz,True,True,True,0.0,1.0,0.09930002689361572,0.17381975054740906
ddpm_v5,ddpm_v5_0054.nii.gz,True,True,True,0.0,1.0,0.10346287488937378,0.17236274480819702
ddpm_v5,ddpm_v5_0055.nii.gz,True,True,True,0.0,1.0,0.10006292909383774,0.1706392616033554
ddpm_v5,ddpm_v5_0056.nii.gz,True,True,True,0.0,1.0,0.09702225774526596,0.16723786294460297
ddpm_v5,ddpm_v5_0057.nii.gz,True,True,True,0.0,1.0,0.10115326941013336,0.17312632501125336
ddpm_v5,ddpm_v5_0058.nii.gz,True,True,True,0.0,1.0,0.09313350915908813,0.16291706264019012
ddpm_v5,ddpm_v5_0059.nii.gz,True,True,True,0.0,1.0,0.10274478048086166,0.17947396636009216
ddpm_v5,ddpm_v5_0060.nii.gz,True,True,True,0.0,1.0,0.101536825299263,0.17046654224395752
ddpm_v5,ddpm_v5_0061.nii.gz,True,True,True,0.0,1.0,0.10460510849952698,0.1799597144126892
ddpm_v5,ddpm_v5_0062.nii.gz,True,True,True,0.0,1.0,0.1042652577161789,0.17895551025867462
ddpm_v5,ddpm_v5_0063.nii.gz,True,True,True,0.0,1.0,0.10391131043434143,0.1793767511844635
ddpm_v5,ddpm_v5_0064.nii.gz,True,True,True,0.0,1.0,0.10356467217206955,0.17867054045200348
ddpm_v5,ddpm_v5_0065.nii.gz,True,True,True,0.0,1.0,0.09856829047203064,0.16760461032390594
ddpm_v5,ddpm_v5_0066.nii.gz,True,True,True,0.0,1.0,0.09882432222366333,0.16962449252605438
ddpm_v5,ddpm_v5_0067.nii.gz,True,True,True,0.0,1.0,0.10363297164440155,0.17610090970993042
ddpm_v5,ddpm_v5_0068.nii.gz,True,True,True,0.0,1.0,0.10438805818557739,0.1774013638496399
ddpm_v5,ddpm_v5_0069.nii.gz,True,True,True,0.0,0.9995453357696533,0.10238374024629593,0.1692410260438919
ddpm_v5,ddpm_v5_0070.nii.gz,True,True,True,0.0,1.0,0.10280800610780716,0.1742369830608368
ddpm_v5,ddpm_v5_0071.nii.gz,True,True,True,0.0,1.0,0.10306978225708008,0.1769079566001892
ddpm_v5,ddpm_v5_0072.nii.gz,True,True,True,0.0,1.0,0.10431091487407684,0.17262506484985352
ddpm_v5,ddpm_v5_0073.nii.gz,True,True,True,0.0,1.0,0.09875642508268356,0.17360903322696686
ddpm_v5,ddpm_v5_0074.nii.gz,True,True,True,0.0,1.0,0.0963965430855751,0.16289052367210388
ddpm_v5,ddpm_v5_0075.nii.gz,True,True,True,0.0,1.0,0.09706120938062668,0.16811922192573547
ddpm_v5,ddpm_v5_0076.nii.gz,True,True,True,0.0,1.0,0.10263141244649887,0.1712740659713745
ddpm_v5,ddpm_v5_0077.nii.gz,True,True,True,0.0,1.0,0.10428471863269806,0.17949873208999634
ddpm_v5,ddpm_v5_0078.nii.gz,True,True,True,0.0,1.0,0.09994916617870331,0.17010200023651123
ddpm_v5,ddpm_v5_0079.nii.gz,True,True,True,0.0,1.0,0.10102728754281998,0.17295731604099274
ddpm_v5,ddpm_v5_0080.nii.gz,True,True,True,0.0,1.0,0.10575440526008606,0.18140621483325958
ddpm_v5,ddpm_v5_0081.nii.gz,True,True,True,0.0,1.0,0.10010858625173569,0.1723124235868454
ddpm_v5,ddpm_v5_0082.nii.gz,True,True,True,0.0,1.0,0.10634086281061172,0.18721505999565125
ddpm_v5,ddpm_v5_0083.nii.gz,True,True,True,0.0,0.9952147603034973,0.10126111656427383,0.1693115085363388
ddpm_v5,ddpm_v5_0084.nii.gz,True,True,True,0.0,1.0,0.09817124903202057,0.1664855033159256
ddpm_v5,ddpm_v5_0085.nii.gz,True,True,True,0.0,1.0,0.09556420147418976,0.1696295142173767
ddpm_v5,ddpm_v5_0086.nii.gz,True,True,True,0.0,1.0,0.10305170714855194,0.17249219119548798
ddpm_v5,ddpm_v5_0087.nii.gz,True,True,True,0.0,1.0,0.10331840068101883,0.1786617785692215
ddpm_v5,ddpm_v5_0088.nii.gz,True,True,True,0.0,1.0,0.10415034741163254,0.17425169050693512
ddpm_v5,ddpm_v5_0089.nii.gz,True,True,True,0.0,1.0,0.10210523009300232,0.17137227952480316
ddpm_v5,ddpm_v5_0090.nii.gz,True,True,True,0.0,1.0,0.1031653955578804,0.17321059107780457
ddpm_v5,ddpm_v5_0091.nii.gz,True,True,True,0.0,1.0,0.09913486242294312,0.17020368576049805
ddpm_v5,ddpm_v5_0092.nii.gz,True,True,True,0.0,1.0,0.09707114845514297,0.17054684460163116
ddpm_v5,ddpm_v5_0093.nii.gz,True,True,True,0.0,1.0,0.10169380903244019,0.17456504702568054
ddpm_v5,ddpm_v5_0094.nii.gz,True,True,True,0.0,1.0,0.09855625778436661,0.16985490918159485
ddpm_v5,ddpm_v5_0095.nii.gz,True,True,True,0.0,1.0,0.10260821133852005,0.17852617800235748
ddpm_v5,ddpm_v5_0096.nii.gz,True,True,True,0.0,1.0,0.10269668698310852,0.17501714825630188
ddpm_v5,ddpm_v5_0097.nii.gz,True,True,True,0.0,1.0,0.1089673861861229,0.18377090990543365
ddpm_v5,ddpm_v5_0098.nii.gz,True,True,True,0.0,1.0,0.09775923937559128,0.1633550077676773
ddpm_v5,ddpm_v5_0099.nii.gz,True,True,True,0.0,1.0,0.10169905424118042,0.1747860312461853
ddpm_v5,ddpm_v5_0100.nii.gz,True,True,True,0.0,1.0,0.09996235370635986,0.1679370105266571
ddpm_v5,ddpm_v5_0101.nii.gz,True,True,True,0.0,1.0,0.0976257473230362,0.1724170297384262
ddpm_v5,ddpm_v5_0102.nii.gz,True,True,True,0.0,1.0,0.10486527532339096,0.18137294054031372
ddpm_v5,ddpm_v5_0103.nii.gz,True,True,True,0.0,1.0,0.10239990800619125,0.17163531482219696
ddpm_v5,ddpm_v5_0104.nii.gz,True,True,True,0.0,1.0,0.1002403274178505,0.17056363821029663
ddpm_v5,ddpm_v5_0105.nii.gz,True,True,True,0.0,1.0,0.09759662300348282,0.1662910133600235
ddpm_v5,ddpm_v5_0106.nii.gz,True,True,True,0.0,1.0,0.10446040332317352,0.1785440593957901
ddpm_v5,ddpm_v5_0107.nii.gz,True,True,True,0.0,0.9990444779396057,0.10351597517728806,0.1732906550168991
ddpm_v5,ddpm_v5_0108.nii.gz,True,True,True,0.0,1.0,0.10221681743860245,0.1747385412454605
ddpm_v5,ddpm_v5_0109.nii.gz,True,True,True,0.0,1.0,0.09779737144708633,0.1661396026611328
ddpm_v5,ddpm_v5_0110.nii.gz,True,True,True,0.0,1.0,0.10195277631282806,0.17916592955589294
ddpm_v5,ddpm_v5_0111.nii.gz,True,True,True,0.0,1.0,0.09481146931648254,0.16566771268844604
ddpm_v5,ddpm_v5_0112.nii.gz,True,True,True,0.0,1.0,0.09950073808431625,0.16801047325134277
ddpm_v5,ddpm_v5_0113.nii.gz,True,True,True,0.0,1.0,0.1017247885465622,0.17691445350646973
ddpm_v5,ddpm_v5_0114.nii.gz,True,True,True,0.0,1.0,0.10544150322675705,0.17897929251194
ddpm_v5,ddpm_v5_0115.nii.gz,True,True,True,0.0,1.0,0.09150815010070801,0.15969693660736084
ddpm_v5,ddpm_v5_0116.nii.gz,True,True,True,0.0,1.0,0.10314139723777771,0.17490805685520172
ddpm_v5,ddpm_v5_0117.nii.gz,True,True,True,0.0,1.0,0.10367438942193985,0.1787724792957306
ddpm_v5,ddpm_v5_0118.nii.gz,True,True,True,0.0,1.0,0.10174273699522018,0.1716882735490799
ddpm_v5,ddpm_v5_0119.nii.gz,True,True,True,0.0,1.0,0.10174453258514404,0.17577503621578217
ddpm_v5,ddpm_v5_0120.nii.gz,True,True,True,0.0,1.0,0.10212542116641998,0.1736176460981369
ddpm_v5,ddpm_v5_0121.nii.gz,True,True,True,0.0,1.0,0.10354741662740707,0.17775604128837585
ddpm_v5,ddpm_v5_0122.nii.gz,True,True,True,0.0,1.0,0.09933711588382721,0.16858899593353271
ddpm_v5,ddpm_v5_0123.nii.gz,True,True,True,0.0,1.0,0.09992799162864685,0.1739395260810852
ddpm_v5,ddpm_v5_0124.nii.gz,True,True,True,0.0,1.0,0.10407035797834396,0.17347876727581024
ddpm_v5,ddpm_v5_0125.nii.gz,True,True,True,0.0,1.0,0.10171551257371902,0.1727135330438614
ddpm_v5,ddpm_v5_0126.nii.gz,True,True,True,0.0,1.0,0.09890518337488174,0.16943705081939697
ddpm_v5,ddpm_v5_0127.nii.gz,True,True,True,0.0,1.0,0.10642322897911072,0.18024511635303497
ddpm_v5,ddpm_v5_0128.nii.gz,True,True,True,0.0,1.0,0.10300131887197495,0.17753858864307404
ddpm_v5,ddpm_v5_0129.nii.gz,True,True,True,0.0,1.0,0.10601697862148285,0.18198439478874207
ddpm_v5,ddpm_v5_0130.nii.gz,True,True,True,0.0,1.0,0.10218113660812378,0.1753547489643097
ddpm_v5,ddpm_v5_0131.nii.gz,True,True,True,0.0,1.0,0.09998412430286407,0.17090116441249847
ddpm_v5,ddpm_v5_0132.nii.gz,True,True,True,0.0,1.0,0.10550104826688766,0.17776532471179962
ddpm_v5,ddpm_v5_0133.nii.gz,True,True,True,0.0,1.0,0.10445474833250046,0.17779642343521118
ddpm_v5,ddpm_v5_0134.nii.gz,True,True,True,0.0,1.0,0.10391219705343246,0.18101374804973602
ddpm_v5,ddpm_v5_0135.nii.gz,True,True,True,0.0,1.0,0.10099424421787262,0.17032159864902496
ddpm_v5,ddpm_v5_0136.nii.gz,True,True,True,0.0,0.9991461038589478,0.10015539079904556,0.16746850311756134
ddpm_v5,ddpm_v5_0137.nii.gz,True,True,True,0.0,1.0,0.09072552621364594,0.1581708788871765
ddpm_v5,ddpm_v5_0138.nii.gz,True,True,True,0.0,1.0,0.10225886851549149,0.1789495348930359
ddpm_v5,ddpm_v5_0139.nii.gz,True,True,True,0.0,1.0,0.10346669703722,0.1767358034849167
ddpm_v5,ddpm_v5_0140.nii.gz,True,True,True,0.0,1.0,0.10534468293190002,0.18090109527111053
ddpm_v5,ddpm_v5_0141.nii.gz,True,True,True,0.0,1.0,0.09794776141643524,0.1730094701051712
ddpm_v5,ddpm_v5_0142.nii.gz,True,True,True,0.0,1.0,0.10241519659757614,0.1738128364086151
ddpm_v5,ddpm_v5_0143.nii.gz,True,True,True,0.0,1.0,0.09938522428274155,0.16853584349155426
ddpm_v5,ddpm_v5_0144.nii.gz,True,True,True,0.0,1.0,0.09936648607254028,0.17027215659618378
ddpm_v5,ddpm_v5_0145.nii.gz,True,True,True,0.0,1.0,0.1038927510380745,0.17850689589977264
ddpm_v5,ddpm_v5_0146.nii.gz,True,True,True,0.0,1.0,0.1000935286283493,0.1720961481332779
ddpm_v5,ddpm_v5_0147.nii.gz,True,True,True,0.0,1.0,0.09907456487417221,0.1700764000415802
ddpm_v5,ddpm_v5_0148.nii.gz,True,True,True,0.0,1.0,0.10119623690843582,0.17298421263694763
ddpm_v5,ddpm_v5_0149.nii.gz,True,True,True,0.0,1.0,0.10006050020456314,0.17145249247550964
ddpm_v5,ddpm_v5_0150.nii.gz,True,True,True,0.0,1.0,0.10779903829097748,0.1853087991476059
ddpm_v5,ddpm_v5_0151.nii.gz,True,True,True,0.0,1.0,0.10341884195804596,0.17574648559093475
ddpm_v5,ddpm_v5_0152.nii.gz,True,True,True,0.0,1.0,0.09957209974527359,0.17331480979919434
ddpm_v5,ddpm_v5_0153.nii.gz,True,True,True,0.0,1.0,0.10358086228370667,0.174804225564003
ddpm_v5,ddpm_v5_0154.nii.gz,True,True,True,0.0,1.0,0.10168556869029999,0.16649691760540009
ddpm_v5,ddpm_v5_0155.nii.gz,True,True,True,0.0,1.0,0.09876172244548798,0.16973289847373962
ddpm_v5,ddpm_v5_0156.nii.gz,True,True,True,0.0,1.0,0.10018099099397659,0.16905590891838074
ddpm_v5,ddpm_v5_0157.nii.gz,True,True,True,0.0,1.0,0.10624898225069046,0.17772915959358215
ddpm_v5,ddpm_v5_0158.nii.gz,True,True,True,0.0,1.0,0.09879212081432343,0.17153343558311462
ddpm_v5,ddpm_v5_0159.nii.gz,True,True,True,0.0,1.0,0.10304709523916245,0.17261266708374023
ddpm_v5,ddpm_v5_0160.nii.gz,True,True,True,0.0,1.0,0.09481202811002731,0.1632380336523056
ddpm_v5,ddpm_v5_0161.nii.gz,True,True,True,0.0,1.0,0.10163216292858124,0.1743604689836502
ddpm_v5,ddpm_v5_0162.nii.gz,True,True,True,0.0,1.0,0.10091520845890045,0.17330990731716156
ddpm_v5,ddpm_v5_0163.nii.gz,True,True,True,0.0,1.0,0.1028449535369873,0.1730392873287201
ddpm_v5,ddpm_v5_0164.nii.gz,True,True,True,0.0,1.0,0.10077117383480072,0.1707654446363449
ddpm_v5,ddpm_v5_0165.nii.gz,True,True,True,0.0,1.0,0.1020275205373764,0.1732107549905777
ddpm_v5,ddpm_v5_0166.nii.gz,True,True,True,0.0,1.0,0.09960952401161194,0.16890142858028412
ddpm_v5,ddpm_v5_0167.nii.gz,True,True,True,0.0,1.0,0.10629274696111679,0.17771843075752258
ddpm_v5,ddpm_v5_0168.nii.gz,True,True,True,0.0,1.0,0.1033300906419754,0.1759437918663025
ddpm_v5,ddpm_v5_0169.nii.gz,True,True,True,0.0,0.9633587598800659,0.10490844398736954,0.17574617266654968
ddpm_v5,ddpm_v5_0170.nii.gz,True,True,True,0.0,1.0,0.1003594696521759,0.17002204060554504
ddpm_v5,ddpm_v5_0171.nii.gz,True,True,True,0.0,1.0,0.10542872548103333,0.18044817447662354
ddpm_v5,ddpm_v5_0172.nii.gz,True,True,True,0.0,1.0,0.09949993342161179,0.16867047548294067
ddpm_v5,ddpm_v5_0173.nii.gz,True,True,True,0.0,1.0,0.09901802241802216,0.17132017016410828
ddpm_v5,ddpm_v5_0174.nii.gz,True,True,True,0.0,1.0,0.10157358646392822,0.1731576919555664
ddpm_v5,ddpm_v5_0175.nii.gz,True,True,True,0.0,1.0,0.1031949371099472,0.17228449881076813
ddpm_v5,ddpm_v5_0176.nii.gz,True,True,True,0.0,1.0,0.10652787983417511,0.18160754442214966
ddpm_v5,ddpm_v5_0177.nii.gz,True,True,True,0.0,1.0,0.10534379631280899,0.1782505214214325
ddpm_v5,ddpm_v5_0178.nii.gz,True,True,True,0.0,1.0,0.09784702211618423,0.1691054105758667
ddpm_v5,ddpm_v5_0179.nii.gz,True,True,True,0.0,1.0,0.10111565887928009,0.17367659509181976
ddpm_v5,ddpm_v5_0180.nii.gz,True,True,True,0.0,1.0,0.09918728470802307,0.170050710439682
ddpm_v5,ddpm_v5_0181.nii.gz,True,True,True,0.0,1.0,0.09924876689910889,0.17055830359458923
ddpm_v5,ddpm_v5_0182.nii.gz,True,True,True,0.0,1.0,0.10170858353376389,0.17594806849956512
ddpm_v5,ddpm_v5_0183.nii.gz,True,True,True,0.0,1.0,0.10634926706552505,0.17958293855190277
ddpm_v5,ddpm_v5_0184.nii.gz,True,True,True,0.0,1.0,0.1042880043387413,0.1787721812725067
ddpm_v5,ddpm_v5_0185.nii.gz,True,True,True,0.0,1.0,0.09491042792797089,0.16125860810279846
ddpm_v5,ddpm_v5_0186.nii.gz,True,True,True,0.0,1.0,0.0979284718632698,0.1661146581172943
ddpm_v5,ddpm_v5_0187.nii.gz,True,True,True,0.0,1.0,0.10340039432048798,0.1723291426897049
ddpm_v5,ddpm_v5_0188.nii.gz,True,True,True,0.0,1.0,0.09955201297998428,0.1689162254333496
ddpm_v5,ddpm_v5_0189.nii.gz,True,True,True,0.0,1.0,0.1055956557393074,0.18023176491260529
ddpm_v5,ddpm_v5_0190.nii.gz,True,True,True,0.0,1.0,0.10392425954341888,0.17469234764575958
ddpm_v5,ddpm_v5_0191.nii.gz,True,True,True,0.0,1.0,0.10502820461988449,0.17664046585559845
ddpm_v5,ddpm_v5_0192.nii.gz,True,True,True,0.0,1.0,0.10300834476947784,0.17670179903507233
ddpm_v5,ddpm_v5_0193.nii.gz,True,True,True,0.0,1.0,0.1067555695772171,0.18217606842517853
ddpm_v5,ddpm_v5_0194.nii.gz,True,True,True,0.0,1.0,0.09887760132551193,0.16546757519245148
ddpm_v5,ddpm_v5_0195.nii.gz,True,True,True,0.0,1.0,0.1011466532945633,0.17058299481868744
ddpm_v5,ddpm_v5_0196.nii.gz,True,True,True,0.0,1.0,0.10328508168458939,0.17658957839012146
ddpm_v5,ddpm_v5_0197.nii.gz,True,True,True,0.0,1.0,0.09855486452579498,0.17046166956424713
ddpm_v5,ddpm_v5_0198.nii.gz,True,True,True,0.0,1.0,0.09746244549751282,0.16831038892269135
ddpm_v5,ddpm_v5_0199.nii.gz,True,True,True,0.0,1.0,0.10413975268602371,0.17601896822452545
conditional_ddpm_v3,conditional_ddpm_v3_0000.nii.gz,True,True,True,0.0,0.9993517994880676,0.0993461161851883,0.17003630101680756
conditional_ddpm_v3,conditional_ddpm_v3_0001.nii.gz,True,True,True,0.0,1.0,0.0966869592666626,0.1681482195854187
conditional_ddpm_v3,conditional_ddpm_v3_0002.nii.gz,True,True,True,0.0,1.0,0.10743406414985657,0.1861182153224945
conditional_ddpm_v3,conditional_ddpm_v3_0003.nii.gz,True,True,True,0.0,1.0,0.10363279283046722,0.17857934534549713
conditional_ddpm_v3,conditional_ddpm_v3_0004.nii.gz,True,True,True,0.0,1.0,0.10694628953933716,0.18587248027324677
conditional_ddpm_v3,conditional_ddpm_v3_0005.nii.gz,True,True,True,0.0,1.0,0.10247628390789032,0.18501725792884827
conditional_ddpm_v3,conditional_ddpm_v3_0006.nii.gz,True,True,True,0.0,1.0,0.09940103441476822,0.16611909866333008
conditional_ddpm_v3,conditional_ddpm_v3_0007.nii.gz,True,True,True,0.0,1.0,0.09835081547498703,0.17319902777671814
conditional_ddpm_v3,conditional_ddpm_v3_0008.nii.gz,True,True,True,0.0,1.0,0.10345881432294846,0.1775912046432495
conditional_ddpm_v3,conditional_ddpm_v3_0009.nii.gz,True,True,True,0.0,1.0,0.10653349757194519,0.18280784785747528
conditional_ddpm_v3,conditional_ddpm_v3_0010.nii.gz,True,True,True,0.0,1.0,0.095078244805336,0.16230693459510803
conditional_ddpm_v3,conditional_ddpm_v3_0011.nii.gz,True,True,True,0.0,1.0,0.10052632540464401,0.17633618414402008
conditional_ddpm_v3,conditional_ddpm_v3_0012.nii.gz,True,True,True,0.0,1.0,0.10472140461206436,0.1798214167356491
conditional_ddpm_v3,conditional_ddpm_v3_0013.nii.gz,True,True,True,0.0,1.0,0.09228715300559998,0.16251805424690247
conditional_ddpm_v3,conditional_ddpm_v3_0014.nii.gz,True,True,True,0.0,1.0,0.13303379714488983,0.22755202651023865
conditional_ddpm_v3,conditional_ddpm_v3_0015.nii.gz,True,True,True,0.0,1.0,0.1238519474864006,0.21628502011299133
conditional_ddpm_v3,conditional_ddpm_v3_0016.nii.gz,True,True,True,0.0,1.0,0.09359084069728851,0.1583755761384964
conditional_ddpm_v3,conditional_ddpm_v3_0017.nii.gz,True,True,True,0.0,1.0,0.1004338189959526,0.16846877336502075
conditional_ddpm_v3,conditional_ddpm_v3_0018.nii.gz,True,True,True,0.0,1.0,0.1297360211610794,0.22249402105808258
conditional_ddpm_v3,conditional_ddpm_v3_0019.nii.gz,True,True,True,0.0,1.0,0.11531756818294525,0.20448946952819824
conditional_ddpm_v3,conditional_ddpm_v3_0020.nii.gz,True,True,True,0.0,1.0,0.08825784176588058,0.15188086032867432
conditional_ddpm_v3,conditional_ddpm_v3_0021.nii.gz,True,True,True,0.0,1.0,0.08945105969905853,0.15189442038536072
conditional_ddpm_v3,conditional_ddpm_v3_0022.nii.gz,True,True,True,0.0,1.0,0.11692541837692261,0.202182799577713
conditional_ddpm_v3,conditional_ddpm_v3_0023.nii.gz,True,True,True,0.0,1.0,0.11244916170835495,0.18916267156600952
conditional_ddpm_v3,conditional_ddpm_v3_0024.nii.gz,True,True,True,0.0,1.0,0.10550282150506973,0.18441209197044373
conditional_ddpm_v3,conditional_ddpm_v3_0025.nii.gz,True,True,True,0.0,1.0,0.08900289237499237,0.15379224717617035
conditional_ddpm_v3,conditional_ddpm_v3_0026.nii.gz,True,True,True,0.0,1.0,0.09677910804748535,0.165440171957016
conditional_ddpm_v3,conditional_ddpm_v3_0027.nii.gz,True,True,True,0.0,1.0,0.1289948970079422,0.2194276601076126
conditional_ddpm_v3,conditional_ddpm_v3_0028.nii.gz,True,True,True,0.0,1.0,0.09159683436155319,0.1621810346841812
conditional_ddpm_v3,conditional_ddpm_v3_0029.nii.gz,True,True,True,0.0,1.0,0.09770143777132034,0.1716340035200119
conditional_ddpm_v3,conditional_ddpm_v3_0030.nii.gz,True,True,True,0.0,1.0,0.11231812089681625,0.19403883814811707
conditional_ddpm_v3,conditional_ddpm_v3_0031.nii.gz,True,True,True,0.0,1.0,0.09635820984840393,0.16378343105316162
conditional_ddpm_v3,conditional_ddpm_v3_0032.nii.gz,True,True,True,0.0,1.0,0.12203022837638855,0.20780667662620544
conditional_ddpm_v3,conditional_ddpm_v3_0033.nii.gz,True,True,True,0.0,1.0,0.0908534973859787,0.15605877339839935
conditional_ddpm_v3,conditional_ddpm_v3_0034.nii.gz,True,True,True,0.0,1.0,0.12863843142986298,0.22456607222557068
conditional_ddpm_v3,conditional_ddpm_v3_0035.nii.gz,True,True,True,0.0,1.0,0.1058310717344284,0.181464284658432
conditional_ddpm_v3,conditional_ddpm_v3_0036.nii.gz,True,True,True,0.0,1.0,0.1148262619972229,0.19491055607795715
conditional_ddpm_v3,conditional_ddpm_v3_0037.nii.gz,True,True,True,0.0,1.0,0.10006237030029297,0.1660342663526535
conditional_ddpm_v3,conditional_ddpm_v3_0038.nii.gz,True,True,True,0.0,1.0,0.09380003064870834,0.16705122590065002
conditional_ddpm_v3,conditional_ddpm_v3_0039.nii.gz,True,True,True,0.0,1.0,0.1137184202671051,0.1960364133119583
conditional_ddpm_v3,conditional_ddpm_v3_0040.nii.gz,True,True,True,0.0,1.0,0.13334836065769196,0.23081648349761963
conditional_ddpm_v3,conditional_ddpm_v3_0041.nii.gz,True,True,True,0.0,1.0,0.10054408758878708,0.17342717945575714
conditional_ddpm_v3,conditional_ddpm_v3_0042.nii.gz,True,True,True,0.0,1.0,0.10283607244491577,0.17718054354190826
conditional_ddpm_v3,conditional_ddpm_v3_0043.nii.gz,True,True,True,0.0,1.0,0.10050952434539795,0.17779701948165894
conditional_ddpm_v3,conditional_ddpm_v3_0044.nii.gz,True,True,True,0.0,1.0,0.09647437185049057,0.17005860805511475
conditional_ddpm_v3,conditional_ddpm_v3_0045.nii.gz,True,True,True,0.0,1.0,0.10429256409406662,0.17841589450836182
conditional_ddpm_v3,conditional_ddpm_v3_0046.nii.gz,True,True,True,0.0,1.0,0.0884159654378891,0.1484365314245224
conditional_ddpm_v3,conditional_ddpm_v3_0047.nii.gz,True,True,True,0.0,1.0,0.11239279806613922,0.19518589973449707
conditional_ddpm_v3,conditional_ddpm_v3_0048.nii.gz,True,True,True,0.0,1.0,0.10777968168258667,0.18383127450942993
conditional_ddpm_v3,conditional_ddpm_v3_0049.nii.gz,True,True,True,0.0,1.0,0.09336919337511063,0.15587398409843445
conditional_ddpm_v3,conditional_ddpm_v3_0050.nii.gz,True,True,True,0.0,1.0,0.11890403926372528,0.20893214643001556
conditional_ddpm_v3,conditional_ddpm_v3_0051.nii.gz,True,True,True,0.0,1.0,0.10144554078578949,0.17391599714756012
conditional_ddpm_v3,conditional_ddpm_v3_0052.nii.gz,True,True,True,0.0,1.0,0.1029636561870575,0.1776634156703949
conditional_ddpm_v3,conditional_ddpm_v3_0053.nii.gz,True,True,True,0.0,1.0,0.12034948915243149,0.2033120095729828
conditional_ddpm_v3,conditional_ddpm_v3_0054.nii.gz,True,True,True,0.0,1.0,0.10303542017936707,0.1840769499540329
conditional_ddpm_v3,conditional_ddpm_v3_0055.nii.gz,True,True,True,0.0,1.0,0.13289225101470947,0.22294481098651886
conditional_ddpm_v3,conditional_ddpm_v3_0056.nii.gz,True,True,True,0.0,1.0,0.09732188284397125,0.16905713081359863
conditional_ddpm_v3,conditional_ddpm_v3_0057.nii.gz,True,True,True,0.0,1.0,0.108521468937397,0.1940104216337204
conditional_ddpm_v3,conditional_ddpm_v3_0058.nii.gz,True,True,True,0.0,1.0,0.12614886462688446,0.2199021428823471
conditional_ddpm_v3,conditional_ddpm_v3_0059.nii.gz,True,True,True,0.0,1.0,0.1143309623003006,0.1965985894203186
conditional_ddpm_v3,conditional_ddpm_v3_0060.nii.gz,True,True,True,0.0,1.0,0.11228235065937042,0.19518499076366425
conditional_ddpm_v3,conditional_ddpm_v3_0061.nii.gz,True,True,True,0.0,1.0,0.13295932114124298,0.23206616938114166
conditional_ddpm_v3,conditional_ddpm_v3_0062.nii.gz,True,True,True,0.0,1.0,0.12191998958587646,0.21155384182929993
conditional_ddpm_v3,conditional_ddpm_v3_0063.nii.gz,True,True,True,0.0,1.0,0.11350411176681519,0.2003823071718216
conditional_ddpm_v3,conditional_ddpm_v3_0064.nii.gz,True,True,True,0.0,1.0,0.10415460169315338,0.17793527245521545
conditional_ddpm_v3,conditional_ddpm_v3_0065.nii.gz,True,True,True,0.0,1.0,0.12304746359586716,0.21526731550693512
conditional_ddpm_v3,conditional_ddpm_v3_0066.nii.gz,True,True,True,0.0,1.0,0.10515201836824417,0.17880688607692719
conditional_ddpm_v3,conditional_ddpm_v3_0067.nii.gz,True,True,True,0.0,1.0,0.13009628653526306,0.21951286494731903
conditional_ddpm_v3,conditional_ddpm_v3_0068.nii.gz,True,True,True,0.0,1.0,0.09688574820756912,0.1692536473274231
conditional_ddpm_v3,conditional_ddpm_v3_0069.nii.gz,True,True,True,0.0,1.0,0.09678451716899872,0.1675311028957367
conditional_ddpm_v3,conditional_ddpm_v3_0070.nii.gz,True,True,True,0.0,1.0,0.11171883344650269,0.19663582742214203
conditional_ddpm_v3,conditional_ddpm_v3_0071.nii.gz,True,True,True,0.0,1.0,0.1076061874628067,0.19237665832042694
conditional_ddpm_v3,conditional_ddpm_v3_0072.nii.gz,True,True,True,0.0,0.9966948628425598,0.10183898359537125,0.17577973008155823
conditional_ddpm_v3,conditional_ddpm_v3_0073.nii.gz,True,True,True,0.0,1.0,0.10354185849428177,0.17803776264190674
conditional_ddpm_v3,conditional_ddpm_v3_0074.nii.gz,True,True,True,0.0,1.0,0.0934835821390152,0.16066400706768036
conditional_ddpm_v3,conditional_ddpm_v3_0075.nii.gz,True,True,True,0.0,1.0,0.1157417967915535,0.1993476152420044
conditional_ddpm_v3,conditional_ddpm_v3_0076.nii.gz,True,True,True,0.0,1.0,0.11918142437934875,0.20017985999584198
conditional_ddpm_v3,conditional_ddpm_v3_0077.nii.gz,True,True,True,0.0,1.0,0.11785047501325607,0.20748072862625122
conditional_ddpm_v3,conditional_ddpm_v3_0078.nii.gz,True,True,True,0.0,1.0,0.1010308787226677,0.1731804758310318
conditional_ddpm_v3,conditional_ddpm_v3_0079.nii.gz,True,True,True,0.0,1.0,0.1273437738418579,0.22158724069595337
conditional_ddpm_v3,conditional_ddpm_v3_0080.nii.gz,True,True,True,0.0,1.0,0.13256311416625977,0.22251680493354797
conditional_ddpm_v3,conditional_ddpm_v3_0081.nii.gz,True,True,True,0.0,1.0,0.08917103707790375,0.14990124106407166
conditional_ddpm_v3,conditional_ddpm_v3_0082.nii.gz,True,True,True,0.0,1.0,0.10871266573667526,0.19218409061431885
conditional_ddpm_v3,conditional_ddpm_v3_0083.nii.gz,True,True,True,0.0,1.0,0.09814776480197906,0.1703595668077469
conditional_ddpm_v3,conditional_ddpm_v3_0084.nii.gz,True,True,True,0.0,1.0,0.11021623760461807,0.18942247331142426
conditional_ddpm_v3,conditional_ddpm_v3_0085.nii.gz,True,True,True,0.0,1.0,0.10581669211387634,0.18750542402267456
conditional_ddpm_v3,conditional_ddpm_v3_0086.nii.gz,True,True,True,0.0,1.0,0.09460175782442093,0.16484157741069794
conditional_ddpm_v3,conditional_ddpm_v3_0087.nii.gz,True,True,True,0.0,1.0,0.11590813100337982,0.20434115827083588
conditional_ddpm_v3,conditional_ddpm_v3_0088.nii.gz,True,True,True,0.0,1.0,0.10108758509159088,0.1668584793806076
conditional_ddpm_v3,conditional_ddpm_v3_0089.nii.gz,True,True,True,0.0,1.0,0.11496993154287338,0.2068304717540741
conditional_ddpm_v3,conditional_ddpm_v3_0090.nii.gz,True,True,True,0.0,1.0,0.12199656665325165,0.2086528241634369
conditional_ddpm_v3,conditional_ddpm_v3_0091.nii.gz,True,True,True,0.0,1.0,0.10677912831306458,0.18410441279411316
conditional_ddpm_v3,conditional_ddpm_v3_0092.nii.gz,True,True,True,0.0,1.0,0.08917933702468872,0.15233489871025085
conditional_ddpm_v3,conditional_ddpm_v3_0093.nii.gz,True,True,True,0.0,1.0,0.09908080101013184,0.16951823234558105
conditional_ddpm_v3,conditional_ddpm_v3_0094.nii.gz,True,True,True,0.0,1.0,0.11165150254964828,0.19790545105934143
conditional_ddpm_v3,conditional_ddpm_v3_0095.nii.gz,True,True,True,0.0,1.0,0.10378782451152802,0.18195421993732452
conditional_ddpm_v3,conditional_ddpm_v3_0096.nii.gz,True,True,True,0.0,1.0,0.1358286738395691,0.2343532145023346
conditional_ddpm_v3,conditional_ddpm_v3_0097.nii.gz,True,True,True,0.0,1.0,0.10215514153242111,0.17819225788116455
conditional_ddpm_v3,conditional_ddpm_v3_0098.nii.gz,True,True,True,0.0,1.0,0.10091742128133774,0.16804106533527374
conditional_ddpm_v3,conditional_ddpm_v3_0099.nii.gz,True,True,True,0.0,1.0,0.11270403116941452,0.19532789289951324
conditional_ddpm_v3,conditional_ddpm_v3_0100.nii.gz,True,True,True,0.0,1.0,0.133380725979805,0.22778913378715515
conditional_ddpm_v3,conditional_ddpm_v3_0101.nii.gz,True,True,True,0.0,1.0,0.137021005153656,0.23239237070083618
conditional_ddpm_v3,conditional_ddpm_v3_0102.nii.gz,True,True,True,0.0,1.0,0.0953877717256546,0.16204619407653809
conditional_ddpm_v3,conditional_ddpm_v3_0103.nii.gz,True,True,True,0.0,1.0,0.09927529096603394,0.17943210899829865
conditional_ddpm_v3,conditional_ddpm_v3_0104.nii.gz,True,True,True,0.0,1.0,0.12836170196533203,0.21617133915424347
conditional_ddpm_v3,conditional_ddpm_v3_0105.nii.gz,True,True,True,0.0,1.0,0.0971674844622612,0.16514039039611816
conditional_ddpm_v3,conditional_ddpm_v3_0106.nii.gz,True,True,True,0.0,1.0,0.11172737181186676,0.1938844919204712
conditional_ddpm_v3,conditional_ddpm_v3_0107.nii.gz,True,True,True,0.0,1.0,0.10984126478433609,0.19072793424129486
conditional_ddpm_v3,conditional_ddpm_v3_0108.nii.gz,True,True,True,0.0,1.0,0.11907098442316055,0.2037600874900818
conditional_ddpm_v3,conditional_ddpm_v3_0109.nii.gz,True,True,True,0.0,1.0,0.10429755598306656,0.18123288452625275
conditional_ddpm_v3,conditional_ddpm_v3_0110.nii.gz,True,True,True,0.0,1.0,0.10742368549108505,0.18668010830879211
conditional_ddpm_v3,conditional_ddpm_v3_0111.nii.gz,True,True,True,0.0,1.0,0.10762128233909607,0.1934831738471985
conditional_ddpm_v3,conditional_ddpm_v3_0112.nii.gz,True,True,True,0.0,1.0,0.1268414556980133,0.2159247100353241
conditional_ddpm_v3,conditional_ddpm_v3_0113.nii.gz,True,True,True,0.0,1.0,0.08971866220235825,0.1541348695755005
conditional_ddpm_v3,conditional_ddpm_v3_0114.nii.gz,True,True,True,0.0,1.0,0.09706221520900726,0.16525910794734955
conditional_ddpm_v3,conditional_ddpm_v3_0115.nii.gz,True,True,True,0.0,1.0,0.09499417990446091,0.16381338238716125
conditional_ddpm_v3,conditional_ddpm_v3_0116.nii.gz,True,True,True,0.0,1.0,0.09917549043893814,0.1666795015335083
conditional_ddpm_v3,conditional_ddpm_v3_0117.nii.gz,True,True,True,0.0,1.0,0.10102294385433197,0.1748780608177185
conditional_ddpm_v3,conditional_ddpm_v3_0118.nii.gz,True,True,True,0.0,1.0,0.1357407569885254,0.2273954600095749
conditional_ddpm_v3,conditional_ddpm_v3_0119.nii.gz,True,True,True,0.0,1.0,0.10005886852741241,0.17252497375011444
conditional_ddpm_v3,conditional_ddpm_v3_0120.nii.gz,True,True,True,0.0,1.0,0.10640358924865723,0.18176090717315674
conditional_ddpm_v3,conditional_ddpm_v3_0121.nii.gz,True,True,True,0.0,1.0,0.09173860400915146,0.166720449924469
conditional_ddpm_v3,conditional_ddpm_v3_0122.nii.gz,True,True,True,0.0,1.0,0.08980721235275269,0.15660284459590912
conditional_ddpm_v3,conditional_ddpm_v3_0123.nii.gz,True,True,True,0.0,1.0,0.1219639852643013,0.2148790806531906
conditional_ddpm_v3,conditional_ddpm_v3_0124.nii.gz,True,True,True,0.0,1.0,0.09477206319570541,0.16040156781673431
conditional_ddpm_v3,conditional_ddpm_v3_0125.nii.gz,True,True,True,0.0,1.0,0.11455388367176056,0.20046856999397278
conditional_ddpm_v3,conditional_ddpm_v3_0126.nii.gz,True,True,True,0.0,1.0,0.103620745241642,0.1768166571855545
conditional_ddpm_v3,conditional_ddpm_v3_0127.nii.gz,True,True,True,0.0,1.0,0.11585299670696259,0.20340241491794586
conditional_ddpm_v3,conditional_ddpm_v3_0128.nii.gz,True,True,True,0.0,1.0,0.13471566140651703,0.2288580685853958
conditional_ddpm_v3,conditional_ddpm_v3_0129.nii.gz,True,True,True,0.0,1.0,0.1143062561750412,0.19402764737606049
conditional_ddpm_v3,conditional_ddpm_v3_0130.nii.gz,True,True,True,0.0,1.0,0.09419365972280502,0.1664029061794281
conditional_ddpm_v3,conditional_ddpm_v3_0131.nii.gz,True,True,True,0.0,1.0,0.11133778840303421,0.1933165341615677
conditional_ddpm_v3,conditional_ddpm_v3_0132.nii.gz,True,True,True,0.0,1.0,0.09521710872650146,0.16464148461818695
conditional_ddpm_v3,conditional_ddpm_v3_0133.nii.gz,True,True,True,0.0,1.0,0.13588418066501617,0.22989970445632935
conditional_ddpm_v3,conditional_ddpm_v3_0134.nii.gz,True,True,True,0.0,1.0,0.13273870944976807,0.22911910712718964
conditional_ddpm_v3,conditional_ddpm_v3_0135.nii.gz,True,True,True,0.0,1.0,0.13160695135593414,0.2270839810371399
conditional_ddpm_v3,conditional_ddpm_v3_0136.nii.gz,True,True,True,0.0,1.0,0.11528924107551575,0.19915398955345154
conditional_ddpm_v3,conditional_ddpm_v3_0137.nii.gz,True,True,True,0.0,1.0,0.11085609346628189,0.1878979653120041
conditional_ddpm_v3,conditional_ddpm_v3_0138.nii.gz,True,True,True,0.0,1.0,0.10687150806188583,0.18158908188343048
conditional_ddpm_v3,conditional_ddpm_v3_0139.nii.gz,True,True,True,0.0,1.0,0.09357450902462006,0.16381435096263885
conditional_ddpm_v3,conditional_ddpm_v3_0140.nii.gz,True,True,True,0.0,1.0,0.10157361626625061,0.18162456154823303
conditional_ddpm_v3,conditional_ddpm_v3_0141.nii.gz,True,True,True,0.0,1.0,0.10306286811828613,0.17992286384105682
conditional_ddpm_v3,conditional_ddpm_v3_0142.nii.gz,True,True,True,0.0,1.0,0.09254949539899826,0.15876837074756622
conditional_ddpm_v3,conditional_ddpm_v3_0143.nii.gz,True,True,True,0.0,1.0,0.1124405562877655,0.19231249392032623
conditional_ddpm_v3,conditional_ddpm_v3_0144.nii.gz,True,True,True,0.0,1.0,0.1111164465546608,0.19493862986564636
conditional_ddpm_v3,conditional_ddpm_v3_0145.nii.gz,True,True,True,0.0,1.0,0.1162305474281311,0.2012833207845688
conditional_ddpm_v3,conditional_ddpm_v3_0146.nii.gz,True,True,True,0.0,1.0,0.11004793643951416,0.1934720128774643
conditional_ddpm_v3,conditional_ddpm_v3_0147.nii.gz,True,True,True,0.0,1.0,0.10995763540267944,0.1903582364320755
conditional_ddpm_v3,conditional_ddpm_v3_0148.nii.gz,True,True,True,0.0,1.0,0.1031692773103714,0.18424203991889954
conditional_ddpm_v3,conditional_ddpm_v3_0149.nii.gz,True,True,True,0.0,1.0,0.10518520325422287,0.18337729573249817
conditional_ddpm_v3,conditional_ddpm_v3_0150.nii.gz,True,True,True,0.0,1.0,0.11845279484987259,0.20216383039951324
conditional_ddpm_v3,conditional_ddpm_v3_0151.nii.gz,True,True,True,0.0,1.0,0.09913737326860428,0.16964209079742432
conditional_ddpm_v3,conditional_ddpm_v3_0152.nii.gz,True,True,True,0.0,1.0,0.12557531893253326,0.2108263373374939
conditional_ddpm_v3,conditional_ddpm_v3_0153.nii.gz,True,True,True,0.0,1.0,0.11754795908927917,0.2047969549894333
conditional_ddpm_v3,conditional_ddpm_v3_0154.nii.gz,True,True,True,0.0,1.0,0.12230560928583145,0.21003711223602295
conditional_ddpm_v3,conditional_ddpm_v3_0155.nii.gz,True,True,True,0.0,1.0,0.12203349173069,0.20915961265563965
conditional_ddpm_v3,conditional_ddpm_v3_0156.nii.gz,True,True,True,0.0,1.0,0.10470499098300934,0.1854800581932068
conditional_ddpm_v3,conditional_ddpm_v3_0157.nii.gz,True,True,True,0.0,1.0,0.09741543233394623,0.16650819778442383
conditional_ddpm_v3,conditional_ddpm_v3_0158.nii.gz,True,True,True,0.0,1.0,0.10110913217067719,0.18175096809864044
conditional_ddpm_v3,conditional_ddpm_v3_0159.nii.gz,True,True,True,0.0,1.0,0.09866079688072205,0.1689579039812088
conditional_ddpm_v3,conditional_ddpm_v3_0160.nii.gz,True,True,True,0.0,1.0,0.11640731990337372,0.2016417682170868
conditional_ddpm_v3,conditional_ddpm_v3_0161.nii.gz,True,True,True,0.0,1.0,0.11839263886213303,0.2154776006937027
conditional_ddpm_v3,conditional_ddpm_v3_0162.nii.gz,True,True,True,0.0,1.0,0.11500223726034164,0.20161092281341553
conditional_ddpm_v3,conditional_ddpm_v3_0163.nii.gz,True,True,True,0.0,1.0,0.09765779227018356,0.17778342962265015
conditional_ddpm_v3,conditional_ddpm_v3_0164.nii.gz,True,True,True,0.0,1.0,0.10559608787298203,0.18426087498664856
conditional_ddpm_v3,conditional_ddpm_v3_0165.nii.gz,True,True,True,0.0,1.0,0.0901079922914505,0.15227104723453522
conditional_ddpm_v3,conditional_ddpm_v3_0166.nii.gz,True,True,True,0.0,1.0,0.10072630643844604,0.16622939705848694
conditional_ddpm_v3,conditional_ddpm_v3_0167.nii.gz,True,True,True,0.0,1.0,0.09490720182657242,0.16129757463932037
conditional_ddpm_v3,conditional_ddpm_v3_0168.nii.gz,True,True,True,0.0,1.0,0.10062818229198456,0.1709205061197281
conditional_ddpm_v3,conditional_ddpm_v3_0169.nii.gz,True,True,True,0.0,1.0,0.12405895441770554,0.20990729331970215
conditional_ddpm_v3,conditional_ddpm_v3_0170.nii.gz,True,True,True,0.0,1.0,0.12028040736913681,0.20466484129428864
conditional_ddpm_v3,conditional_ddpm_v3_0171.nii.gz,True,True,True,0.0,1.0,0.12391696870326996,0.21323010325431824
conditional_ddpm_v3,conditional_ddpm_v3_0172.nii.gz,True,True,True,0.0,1.0,0.10982796549797058,0.18630355596542358
conditional_ddpm_v3,conditional_ddpm_v3_0173.nii.gz,True,True,True,0.0,1.0,0.10215681791305542,0.17758916318416595
conditional_ddpm_v3,conditional_ddpm_v3_0174.nii.gz,True,True,True,0.0,1.0,0.1414097249507904,0.2412066012620926
conditional_ddpm_v3,conditional_ddpm_v3_0175.nii.gz,True,True,True,0.0,1.0,0.12501123547554016,0.2168806493282318
conditional_ddpm_v3,conditional_ddpm_v3_0176.nii.gz,True,True,True,0.0,1.0,0.10096216201782227,0.17118406295776367
conditional_ddpm_v3,conditional_ddpm_v3_0177.nii.gz,True,True,True,0.0,1.0,0.1271381825208664,0.21934598684310913
conditional_ddpm_v3,conditional_ddpm_v3_0178.nii.gz,True,True,True,0.0,1.0,0.11357079446315765,0.19282998144626617
conditional_ddpm_v3,conditional_ddpm_v3_0179.nii.gz,True,True,True,0.0,1.0,0.09171852469444275,0.15629497170448303
conditional_ddpm_v3,conditional_ddpm_v3_0180.nii.gz,True,True,True,0.0,1.0,0.10895396023988724,0.19021999835968018
conditional_ddpm_v3,conditional_ddpm_v3_0181.nii.gz,True,True,True,0.0,1.0,0.09680145233869553,0.16583877801895142
conditional_ddpm_v3,conditional_ddpm_v3_0182.nii.gz,True,True,True,0.0,1.0,0.11168155819177628,0.19413457810878754
conditional_ddpm_v3,conditional_ddpm_v3_0183.nii.gz,True,True,True,0.0,1.0,0.10716815292835236,0.18264448642730713
conditional_ddpm_v3,conditional_ddpm_v3_0184.nii.gz,True,True,True,0.0,1.0,0.1130477711558342,0.19274985790252686
conditional_ddpm_v3,conditional_ddpm_v3_0185.nii.gz,True,True,True,0.0,1.0,0.10599521547555923,0.18522049486637115
conditional_ddpm_v3,conditional_ddpm_v3_0186.nii.gz,True,True,True,0.0,1.0,0.09036831557750702,0.15730398893356323
conditional_ddpm_v3,conditional_ddpm_v3_0187.nii.gz,True,True,True,0.0,1.0,0.11202023178339005,0.19503726065158844
conditional_ddpm_v3,conditional_ddpm_v3_0188.nii.gz,True,True,True,0.0,1.0,0.11158296465873718,0.18950992822647095
conditional_ddpm_v3,conditional_ddpm_v3_0189.nii.gz,True,True,True,0.0,1.0,0.11293429881334305,0.19711045920848846
conditional_ddpm_v3,conditional_ddpm_v3_0190.nii.gz,True,True,True,0.0,1.0,0.11608637869358063,0.20195049047470093
conditional_ddpm_v3,conditional_ddpm_v3_0191.nii.gz,True,True,True,0.0,1.0,0.09781091660261154,0.1658669412136078
conditional_ddpm_v3,conditional_ddpm_v3_0192.nii.gz,True,True,True,0.0,1.0,0.11521591246128082,0.1983848512172699
conditional_ddpm_v3,conditional_ddpm_v3_0193.nii.gz,True,True,True,0.0,1.0,0.09824592620134354,0.16940784454345703
conditional_ddpm_v3,conditional_ddpm_v3_0194.nii.gz,True,True,True,0.0,1.0,0.10682941228151321,0.184114471077919
conditional_ddpm_v3,conditional_ddpm_v3_0195.nii.gz,True,True,True,0.0,1.0,0.0950092002749443,0.16164366900920868
conditional_ddpm_v3,conditional_ddpm_v3_0196.nii.gz,True,True,True,0.0,1.0,0.10838279128074646,0.18680118024349213
conditional_ddpm_v3,conditional_ddpm_v3_0197.nii.gz,True,True,True,0.0,1.0,0.10715305060148239,0.1915697306394577
conditional_ddpm_v3,conditional_ddpm_v3_0198.nii.gz,True,True,True,0.0,1.0,0.10948172211647034,0.18914802372455597
conditional_ddpm_v3,conditional_ddpm_v3_0199.nii.gz,True,True,True,0.0,1.0,0.12458398938179016,0.2141249179840088
conditional_ldm_v4,conditional_ldm_v4_0000.nii.gz,True,True,True,1.0479137002583627e-10,0.966312825679779,0.0769188180565834,0.16740736365318298
conditional_ldm_v4,conditional_ldm_v4_0001.nii.gz,True,True,True,2.7144933436445973e-12,0.9724207520484924,0.08320745080709457,0.17409658432006836
conditional_ldm_v4,conditional_ldm_v4_0002.nii.gz,True,True,True,4.243354365801588e-12,0.9840699434280396,0.08507362753152847,0.17881610989570618
conditional_ldm_v4,conditional_ldm_v4_0003.nii.gz,True,True,True,2.2124066467732462e-11,0.9584515690803528,0.08502517640590668,0.1825614720582962
conditional_ldm_v4,conditional_ldm_v4_0004.nii.gz,True,True,True,7.756258829649809e-11,0.9666922092437744,0.08150648325681686,0.17546239495277405
conditional_ldm_v4,conditional_ldm_v4_0005.nii.gz,True,True,True,3.316284399867975e-11,0.927563488483429,0.08349928259849548,0.18102818727493286
conditional_ldm_v4,conditional_ldm_v4_0006.nii.gz,True,True,True,4.259029934283731e-11,0.9779825210571289,0.07998761534690857,0.17213761806488037
conditional_ldm_v4,conditional_ldm_v4_0007.nii.gz,True,True,True,1.0037708858545713e-10,0.9709571003913879,0.08218861371278763,0.17265453934669495
conditional_ldm_v4,conditional_ldm_v4_0008.nii.gz,True,True,True,4.921448231581804e-12,0.9659618735313416,0.07204329967498779,0.15924072265625
conditional_ldm_v4,conditional_ldm_v4_0009.nii.gz,True,True,True,1.4080364652002686e-10,0.9635393023490906,0.0825711265206337,0.17438872158527374
conditional_ldm_v4,conditional_ldm_v4_0010.nii.gz,True,True,True,4.100488698588478e-11,0.964566171169281,0.07625295966863632,0.16096140444278717
conditional_ldm_v4,conditional_ldm_v4_0011.nii.gz,True,True,True,6.641886259733942e-12,0.9657491445541382,0.07882826030254364,0.1707427054643631
conditional_ldm_v4,conditional_ldm_v4_0012.nii.gz,True,True,True,4.2875002159714626e-11,0.9722949862480164,0.08298145234584808,0.18476007878780365
conditional_ldm_v4,conditional_ldm_v4_0013.nii.gz,True,True,True,3.364790390758543e-11,0.9589253664016724,0.0857420340180397,0.18026012182235718
conditional_ldm_v4,conditional_ldm_v4_0014.nii.gz,True,True,True,7.730326930877399e-14,0.9615049958229065,0.09948836266994476,0.2051178514957428
conditional_ldm_v4,conditional_ldm_v4_0015.nii.gz,True,True,True,5.066518732332881e-11,0.9705731272697449,0.09958848357200623,0.20554405450820923
conditional_ldm_v4,conditional_ldm_v4_0016.nii.gz,True,True,True,5.821523384880178e-12,0.9654964804649353,0.075132817029953,0.1644386351108551
conditional_ldm_v4,conditional_ldm_v4_0017.nii.gz,True,True,True,1.646224129236984e-10,0.9837138652801514,0.07353014498949051,0.15666057169437408
conditional_ldm_v4,conditional_ldm_v4_0018.nii.gz,True,True,True,7.974901121421407e-12,0.960128128528595,0.10866273939609528,0.22168582677841187
conditional_ldm_v4,conditional_ldm_v4_0019.nii.gz,True,True,True,3.605819462459969e-11,0.9624891877174377,0.09072597324848175,0.19178137183189392
conditional_ldm_v4,conditional_ldm_v4_0020.nii.gz,True,True,True,1.1437887095788746e-11,0.9735423922538757,0.06149012967944145,0.1375427544116974
conditional_ldm_v4,conditional_ldm_v4_0021.nii.gz,True,True,True,4.326915128277653e-12,0.9753838181495667,0.06564484536647797,0.1434081792831421
conditional_ldm_v4,conditional_ldm_v4_0022.nii.gz,True,True,True,7.363030324336606e-11,0.9725226759910583,0.08952652662992477,0.19344209134578705
conditional_ldm_v4,conditional_ldm_v4_0023.nii.gz,True,True,True,4.741794804030697e-11,0.9664332866668701,0.08259165287017822,0.1828889548778534
conditional_ldm_v4,conditional_ldm_v4_0024.nii.gz,True,True,True,1.504316463063482e-11,0.9705415368080139,0.0791318267583847,0.1712031364440918
conditional_ldm_v4,conditional_ldm_v4_0025.nii.gz,True,True,True,4.657671470731373e-10,0.9677937626838684,0.06733357161283493,0.14434941112995148
conditional_ldm_v4,conditional_ldm_v4_0026.nii.gz,True,True,True,7.435144860901133e-11,0.9668610095977783,0.07731626182794571,0.1703323870897293
conditional_ldm_v4,conditional_ldm_v4_0027.nii.gz,True,True,True,3.2187484014928325e-12,0.9667119383811951,0.0897776335477829,0.1948486864566803
conditional_ldm_v4,conditional_ldm_v4_0028.nii.gz,True,True,True,1.0397726429856036e-10,0.9775398969650269,0.07154612243175507,0.1545344889163971
conditional_ldm_v4,conditional_ldm_v4_0029.nii.gz,True,True,True,1.2796254333924395e-10,0.9876547455787659,0.07324046641588211,0.16228026151657104
conditional_ldm_v4,conditional_ldm_v4_0030.nii.gz,True,True,True,7.1073919319375456e-12,0.9657936096191406,0.09393569827079773,0.1924711912870407
conditional_ldm_v4,conditional_ldm_v4_0031.nii.gz,True,True,True,2.766947226895411e-10,0.9676035642623901,0.07207434624433517,0.1563796103000641
conditional_ldm_v4,conditional_ldm_v4_0032.nii.gz,True,True,True,6.6179358000628685e-12,0.9734086394309998,0.08838432282209396,0.1913381814956665
conditional_ldm_v4,conditional_ldm_v4_0033.nii.gz,True,True,True,7.259070514825661e-12,0.9711104035377502,0.06725427508354187,0.14151068031787872
conditional_ldm_v4,conditional_ldm_v4_0034.nii.gz,True,True,True,1.3319018631052781e-11,0.9734660387039185,0.10672598332166672,0.22084994614124298
conditional_ldm_v4,conditional_ldm_v4_0035.nii.gz,True,True,True,1.270430427524616e-10,0.9713175296783447,0.08111204206943512,0.17348290979862213
conditional_ldm_v4,conditional_ldm_v4_0036.nii.gz,True,True,True,8.275809204594253e-11,0.9679901003837585,0.0937374085187912,0.1959753781557083
conditional_ldm_v4,conditional_ldm_v4_0037.nii.gz,True,True,True,5.289632273863809e-11,0.9757288098335266,0.07576829940080643,0.16241766512393951
conditional_ldm_v4,conditional_ldm_v4_0038.nii.gz,True,True,True,8.973128663714025e-12,0.95490562915802,0.0736800953745842,0.16037625074386597
conditional_ldm_v4,conditional_ldm_v4_0039.nii.gz,True,True,True,4.483767176988174e-11,0.9809953570365906,0.08995919674634933,0.18194833397865295
conditional_ldm_v4,conditional_ldm_v4_0040.nii.gz,True,True,True,2.0636966094333964e-11,0.9520300626754761,0.09317435324192047,0.20355193316936493
conditional_ldm_v4,conditional_ldm_v4_0041.nii.gz,True,True,True,1.0731171810537954e-12,0.9646083116531372,0.08401601761579514,0.17531277239322662
conditional_ldm_v4,conditional_ldm_v4_0042.nii.gz,True,True,True,3.4355292916066205e-11,0.9477372169494629,0.08332473784685135,0.17398729920387268
conditional_ldm_v4,conditional_ldm_v4_0043.nii.gz,True,True,True,3.6329911301535844e-11,0.9659644365310669,0.08024843782186508,0.17277075350284576
conditional_ldm_v4,conditional_ldm_v4_0044.nii.gz,True,True,True,1.2755242695394742e-10,0.9768418669700623,0.06744387000799179,0.14572976529598236
conditional_ldm_v4,conditional_ldm_v4_0045.nii.gz,True,True,True,2.741239457648703e-10,0.9729030132293701,0.08324187248945236,0.1746242344379425
conditional_ldm_v4,conditional_ldm_v4_0046.nii.gz,True,True,True,1.0803123673408521e-10,0.978335976600647,0.07215870916843414,0.15743550658226013
conditional_ldm_v4,conditional_ldm_v4_0047.nii.gz,True,True,True,9.92006685129887e-11,0.9704549908638,0.08209872990846634,0.17910942435264587
conditional_ldm_v4,conditional_ldm_v4_0048.nii.gz,True,True,True,2.6759003346477073e-10,0.9709160923957825,0.08300233632326126,0.17465730011463165
conditional_ldm_v4,conditional_ldm_v4_0049.nii.gz,True,True,True,1.8437329440956773e-10,0.9804806113243103,0.06450438499450684,0.14315080642700195
conditional_ldm_v4,conditional_ldm_v4_0050.nii.gz,True,True,True,5.371773859064177e-11,0.9586200714111328,0.0930783599615097,0.20142687857151031
conditional_ldm_v4,conditional_ldm_v4_0051.nii.gz,True,True,True,1.1790300506742124e-11,0.955332338809967,0.07359904050827026,0.16166172921657562
conditional_ldm_v4,conditional_ldm_v4_0052.nii.gz,True,True,True,1.0525203972266972e-11,0.9706181287765503,0.07742335647344589,0.1666651964187622
conditional_ldm_v4,conditional_ldm_v4_0053.nii.gz,True,True,True,7.675036821364056e-12,0.9687631130218506,0.0901428759098053,0.19104614853858948
conditional_ldm_v4,conditional_ldm_v4_0054.nii.gz,True,True,True,4.7844301437338643e-11,0.9738373756408691,0.07489144802093506,0.16336816549301147
conditional_ldm_v4,conditional_ldm_v4_0055.nii.gz,True,True,True,6.244725223036873e-12,0.9725209474563599,0.1008097305893898,0.21195566654205322
conditional_ldm_v4,conditional_ldm_v4_0056.nii.gz,True,True,True,6.709603012078347e-11,0.9751440286636353,0.06782465428113937,0.14944207668304443
conditional_ldm_v4,conditional_ldm_v4_0057.nii.gz,True,True,True,1.4225540190260233e-10,0.9697818160057068,0.08370943367481232,0.18408097326755524
conditional_ldm_v4,conditional_ldm_v4_0058.nii.gz,True,True,True,1.5187488419665662e-11,0.9676621556282043,0.08826057612895966,0.18345551192760468
conditional_ldm_v4,conditional_ldm_v4_0059.nii.gz,True,True,True,1.9506701809390847e-11,0.9826929569244385,0.08605020493268967,0.18618042767047882
conditional_ldm_v4,conditional_ldm_v4_0060.nii.gz,True,True,True,1.1488946599635952e-10,0.9745920300483704,0.08345526456832886,0.17737650871276855
conditional_ldm_v4,conditional_ldm_v4_0061.nii.gz,True,True,True,1.6577928266259256e-12,0.936869204044342,0.10139989852905273,0.21217747032642365
conditional_ldm_v4,conditional_ldm_v4_0062.nii.gz,True,True,True,2.3581298025376896e-10,0.9724327921867371,0.09163682907819748,0.19057053327560425
conditional_ldm_v4,conditional_ldm_v4_0063.nii.gz,True,True,True,3.337548293291803e-11,0.9806464910507202,0.08540631085634232,0.1750396341085434
conditional_ldm_v4,conditional_ldm_v4_0064.nii.gz,True,True,True,6.958114640021051e-12,0.9815123081207275,0.0865941196680069,0.18517392873764038
conditional_ldm_v4,conditional_ldm_v4_0065.nii.gz,True,True,True,2.487592814029438e-12,0.974880039691925,0.09134367108345032,0.19903375208377838
conditional_ldm_v4,conditional_ldm_v4_0066.nii.gz,True,True,True,9.48198394801203e-11,0.9739349484443665,0.08565865457057953,0.17755372822284698
conditional_ldm_v4,conditional_ldm_v4_0067.nii.gz,True,True,True,4.809056798615874e-12,0.943433940410614,0.10273934155702591,0.21736565232276917
conditional_ldm_v4,conditional_ldm_v4_0068.nii.gz,True,True,True,2.3952284600170515e-10,0.9475631713867188,0.06477644294500351,0.1411091685295105
conditional_ldm_v4,conditional_ldm_v4_0069.nii.gz,True,True,True,1.639955532484194e-11,0.9843941330909729,0.07149159908294678,0.15576918423175812
conditional_ldm_v4,conditional_ldm_v4_0070.nii.gz,True,True,True,6.386732722546418e-12,0.9547916054725647,0.09316345304250717,0.19859564304351807
conditional_ldm_v4,conditional_ldm_v4_0071.nii.gz,True,True,True,5.1318255200882845e-12,0.9775480031967163,0.08384959399700165,0.18179374933242798
conditional_ldm_v4,conditional_ldm_v4_0072.nii.gz,True,True,True,8.835299158960197e-11,0.9697760939598083,0.07462455332279205,0.1608107089996338
conditional_ldm_v4,conditional_ldm_v4_0073.nii.gz,True,True,True,1.4802931016383303e-12,0.9616134762763977,0.07183607667684555,0.16115210950374603
conditional_ldm_v4,conditional_ldm_v4_0074.nii.gz,True,True,True,1.240970243232553e-10,0.9705791473388672,0.07421600818634033,0.16231514513492584
conditional_ldm_v4,conditional_ldm_v4_0075.nii.gz,True,True,True,1.2802496909825045e-11,0.9738811254501343,0.0929967537522316,0.19533364474773407
conditional_ldm_v4,conditional_ldm_v4_0076.nii.gz,True,True,True,1.485423654738749e-12,0.9755684733390808,0.09296900033950806,0.19632457196712494
conditional_ldm_v4,conditional_ldm_v4_0077.nii.gz,True,True,True,5.550128065467952e-12,0.9636682868003845,0.0951775386929512,0.20096787810325623
conditional_ldm_v4,conditional_ldm_v4_0078.nii.gz,True,True,True,2.246068608879881e-11,0.9767354130744934,0.07596549391746521,0.1640523374080658
conditional_ldm_v4,conditional_ldm_v4_0079.nii.gz,True,True,True,1.4862916453139974e-11,0.9698022603988647,0.09879525005817413,0.20495320856571198
conditional_ldm_v4,conditional_ldm_v4_0080.nii.gz,True,True,True,4.850818358104192e-11,0.9811192750930786,0.08851402252912521,0.19621838629245758
conditional_ldm_v4,conditional_ldm_v4_0081.nii.gz,True,True,True,1.421379680621726e-10,0.9842742085456848,0.06334038078784943,0.13626469671726227
conditional_ldm_v4,conditional_ldm_v4_0082.nii.gz,True,True,True,5.775393618207003e-12,0.9588889479637146,0.0792183205485344,0.16813303530216217
conditional_ldm_v4,conditional_ldm_v4_0083.nii.gz,True,True,True,1.443313437515803e-11,0.9772931933403015,0.07604185491800308,0.16142873466014862
conditional_ldm_v4,conditional_ldm_v4_0084.nii.gz,True,True,True,6.157723636546208e-11,0.9556506872177124,0.09351509809494019,0.19156865775585175
conditional_ldm_v4,conditional_ldm_v4_0085.nii.gz,True,True,True,1.2666406118411189e-11,0.9677313566207886,0.08353409171104431,0.17370417714118958
conditional_ldm_v4,conditional_ldm_v4_0086.nii.gz,True,True,True,7.778136641711786e-12,0.9738667607307434,0.0693943127989769,0.15279869735240936
conditional_ldm_v4,conditional_ldm_v4_0087.nii.gz,True,True,True,5.1313779614314825e-11,0.9838088154792786,0.09362554550170898,0.19945023953914642
conditional_ldm_v4,conditional_ldm_v4_0088.nii.gz,True,True,True,1.2669837401446671e-11,0.9629989862442017,0.07910805940628052,0.16606354713439941
conditional_ldm_v4,conditional_ldm_v4_0089.nii.gz,True,True,True,1.1478880996770857e-12,0.9704486727714539,0.09053429961204529,0.1957753300666809
conditional_ldm_v4,conditional_ldm_v4_0090.nii.gz,True,True,True,2.855072255003588e-11,0.9718073606491089,0.1007179319858551,0.21250295639038086
conditional_ldm_v4,conditional_ldm_v4_0091.nii.gz,True,True,True,2.551145752982542e-11,0.9635647535324097,0.08473200350999832,0.1760379672050476
conditional_ldm_v4,conditional_ldm_v4_0092.nii.gz,True,True,True,7.868596052507115e-11,0.9709683060646057,0.06389821320772171,0.14488233625888824
conditional_ldm_v4,conditional_ldm_v4_0093.nii.gz,True,True,True,3.843204643416698e-10,0.9780193567276001,0.07802620530128479,0.16900257766246796
conditional_ldm_v4,conditional_ldm_v4_0094.nii.gz,True,True,True,8.570503681748498e-12,0.9660986065864563,0.07899554073810577,0.1708010584115982
conditional_ldm_v4,conditional_ldm_v4_0095.nii.gz,True,True,True,1.7975282720628094e-11,0.977159321308136,0.08455546945333481,0.1820884793996811
conditional_ldm_v4,conditional_ldm_v4_0096.nii.gz,True,True,True,3.3620298385550473e-12,0.9393956661224365,0.09605111181735992,0.20671293139457703
conditional_ldm_v4,conditional_ldm_v4_0097.nii.gz,True,True,True,7.312143252002912e-11,0.982743501663208,0.07127239555120468,0.1546749621629715
conditional_ldm_v4,conditional_ldm_v4_0098.nii.gz,True,True,True,3.0389898930671677e-10,0.9749124646186829,0.08147900551557541,0.17254582047462463
conditional_ldm_v4,conditional_ldm_v4_0099.nii.gz,True,True,True,2.7069629870979384e-10,0.9619027972221375,0.08237455785274506,0.1716565191745758
conditional_ldm_v4,conditional_ldm_v4_0100.nii.gz,True,True,True,1.41104535282717e-13,0.9528050422668457,0.10075859725475311,0.21483246982097626
conditional_ldm_v4,conditional_ldm_v4_0101.nii.gz,True,True,True,4.5414338956106803e-11,0.9720743298530579,0.0930338203907013,0.19701606035232544
conditional_ldm_v4,conditional_ldm_v4_0102.nii.gz,True,True,True,4.3757594769822106e-11,0.9627071022987366,0.07043173909187317,0.15184834599494934
conditional_ldm_v4,conditional_ldm_v4_0103.nii.gz,True,True,True,4.3047409387098057e-11,0.9781869053840637,0.07794928550720215,0.16858428716659546
conditional_ldm_v4,conditional_ldm_v4_0104.nii.gz,True,True,True,2.7195476773322902e-11,0.8900306224822998,0.09968641400337219,0.20227177441120148
conditional_ldm_v4,conditional_ldm_v4_0105.nii.gz,True,True,True,1.7879037139678644e-10,0.957973837852478,0.07459092885255814,0.16334275901317596
conditional_ldm_v4,conditional_ldm_v4_0106.nii.gz,True,True,True,1.7696871745798148e-11,0.9639046788215637,0.08606237918138504,0.18210361897945404
conditional_ldm_v4,conditional_ldm_v4_0107.nii.gz,True,True,True,3.0081542812254725e-10,0.9732378721237183,0.08793634921312332,0.18925099074840546
conditional_ldm_v4,conditional_ldm_v4_0108.nii.gz,True,True,True,9.665053479768204e-11,0.9706162214279175,0.08254410326480865,0.17702911794185638
conditional_ldm_v4,conditional_ldm_v4_0109.nii.gz,True,True,True,7.170165849945676e-11,0.9739779233932495,0.07932180911302567,0.16642378270626068
conditional_ldm_v4,conditional_ldm_v4_0110.nii.gz,True,True,True,2.4709347415385885e-11,0.9780902862548828,0.07539336383342743,0.16162092983722687
conditional_ldm_v4,conditional_ldm_v4_0111.nii.gz,True,True,True,2.960837824916851e-11,0.9567863345146179,0.08092344552278519,0.1778818517923355
conditional_ldm_v4,conditional_ldm_v4_0112.nii.gz,True,True,True,2.6263258928738153e-11,0.902959942817688,0.09069078415632248,0.1957300901412964
conditional_ldm_v4,conditional_ldm_v4_0113.nii.gz,True,True,True,6.567940635804348e-11,0.9542340040206909,0.06778348237276077,0.1483750343322754
conditional_ldm_v4,conditional_ldm_v4_0114.nii.gz,True,True,True,1.2871698151784017e-10,0.9751477241516113,0.07197383046150208,0.15961258113384247
conditional_ldm_v4,conditional_ldm_v4_0115.nii.gz,True,True,True,2.780844825245321e-11,0.9674248099327087,0.08498317003250122,0.1743132621049881
conditional_ldm_v4,conditional_ldm_v4_0116.nii.gz,True,True,True,3.619807578680856e-11,0.9644855260848999,0.0754079818725586,0.1583755910396576
conditional_ldm_v4,conditional_ldm_v4_0117.nii.gz,True,True,True,4.676345422005568e-11,0.9778687357902527,0.08162246644496918,0.17300188541412354
conditional_ldm_v4,conditional_ldm_v4_0118.nii.gz,True,True,True,1.500622542893737e-11,0.9658288359642029,0.09511693567037582,0.202704057097435
conditional_ldm_v4,conditional_ldm_v4_0119.nii.gz,True,True,True,6.339186120474238e-11,0.9780284762382507,0.07809723168611526,0.16040201485157013
conditional_ldm_v4,conditional_ldm_v4_0120.nii.gz,True,True,True,8.723041733382786e-11,0.9701225757598877,0.07986585050821304,0.16830119490623474
conditional_ldm_v4,conditional_ldm_v4_0121.nii.gz,True,True,True,9.563681790947243e-11,0.9712732434272766,0.06835823506116867,0.1503281593322754
conditional_ldm_v4,conditional_ldm_v4_0122.nii.gz,True,True,True,2.038555955985455e-12,0.9506362080574036,0.07875847816467285,0.16288860142230988
conditional_ldm_v4,conditional_ldm_v4_0123.nii.gz,True,True,True,1.6788820333957233e-10,0.9786227941513062,0.10150294005870819,0.21194909512996674
conditional_ldm_v4,conditional_ldm_v4_0124.nii.gz,True,True,True,5.854486340162168e-11,0.9739615321159363,0.07510107010602951,0.1635667234659195
conditional_ldm_v4,conditional_ldm_v4_0125.nii.gz,True,True,True,7.401088075731366e-11,0.9656040668487549,0.08669441193342209,0.1889205425977707
conditional_ldm_v4,conditional_ldm_v4_0126.nii.gz,True,True,True,1.0859599677837117e-11,0.976198136806488,0.0779188796877861,0.1697954386472702
conditional_ldm_v4,conditional_ldm_v4_0127.nii.gz,True,True,True,1.9037353291007086e-11,0.9571295976638794,0.0886477455496788,0.1919199526309967
conditional_ldm_v4,conditional_ldm_v4_0128.nii.gz,True,True,True,9.81552859824486e-12,0.9802007675170898,0.10824879258871078,0.22317969799041748
conditional_ldm_v4,conditional_ldm_v4_0129.nii.gz,True,True,True,7.352041198060988e-11,0.9409794807434082,0.08191290497779846,0.17491821944713593
conditional_ldm_v4,conditional_ldm_v4_0130.nii.gz,True,True,True,2.57898372796328e-11,0.9664801359176636,0.07837973535060883,0.16739007830619812
conditional_ldm_v4,conditional_ldm_v4_0131.nii.gz,True,True,True,5.720656240382205e-11,0.9592459797859192,0.08291295915842056,0.18027757108211517
conditional_ldm_v4,conditional_ldm_v4_0132.nii.gz,True,True,True,8.074561158588622e-11,0.9739446640014648,0.0713200494647026,0.1579374521970749
conditional_ldm_v4,conditional_ldm_v4_0133.nii.gz,True,True,True,2.5083719823459916e-11,0.9755710959434509,0.09325820952653885,0.19552254676818848
conditional_ldm_v4,conditional_ldm_v4_0134.nii.gz,True,True,True,2.7611466932309092e-11,0.971099853515625,0.10380472242832184,0.2127014547586441
conditional_ldm_v4,conditional_ldm_v4_0135.nii.gz,True,True,True,1.3672942986153735e-11,0.9394468069076538,0.09535893052816391,0.20508164167404175
conditional_ldm_v4,conditional_ldm_v4_0136.nii.gz,True,True,True,2.623827370651366e-11,0.9286472201347351,0.078777976334095,0.17702051997184753
conditional_ldm_v4,conditional_ldm_v4_0137.nii.gz,True,True,True,1.3346769522915025e-10,0.9643053412437439,0.09042469412088394,0.1863972395658493
conditional_ldm_v4,conditional_ldm_v4_0138.nii.gz,True,True,True,1.6701179328393323e-10,0.9711450338363647,0.08057515323162079,0.17165985703468323
conditional_ldm_v4,conditional_ldm_v4_0139.nii.gz,True,True,True,8.437875398392691e-11,0.9814862608909607,0.07130403816699982,0.1567571759223938
conditional_ldm_v4,conditional_ldm_v4_0140.nii.gz,True,True,True,5.6122557989812805e-11,0.9605636596679688,0.07725189626216888,0.17159844934940338
conditional_ldm_v4,conditional_ldm_v4_0141.nii.gz,True,True,True,2.50634443754727e-11,0.9695479273796082,0.08233673125505447,0.17382614314556122
conditional_ldm_v4,conditional_ldm_v4_0142.nii.gz,True,True,True,1.3756502881268062e-10,0.9685776829719543,0.07273700088262558,0.1558987945318222
conditional_ldm_v4,conditional_ldm_v4_0143.nii.gz,True,True,True,3.877905982441199e-11,0.9306116700172424,0.08625409752130508,0.17984825372695923
conditional_ldm_v4,conditional_ldm_v4_0144.nii.gz,True,True,True,7.857827583057642e-11,0.9378796815872192,0.08588223159313202,0.1742573380470276
conditional_ldm_v4,conditional_ldm_v4_0145.nii.gz,True,True,True,2.5032328640484103e-12,0.9690539836883545,0.08387041836977005,0.18137335777282715
conditional_ldm_v4,conditional_ldm_v4_0146.nii.gz,True,True,True,2.0964499667514014e-12,0.9726020693778992,0.09700948745012283,0.19980306923389435
conditional_ldm_v4,conditional_ldm_v4_0147.nii.gz,True,True,True,1.410094437048759e-11,0.9390080571174622,0.09066011011600494,0.18794099986553192
conditional_ldm_v4,conditional_ldm_v4_0148.nii.gz,True,True,True,1.8783014033019185e-10,0.9634507894515991,0.08246568590402603,0.1754136085510254
conditional_ldm_v4,conditional_ldm_v4_0149.nii.gz,True,True,True,6.108522021541773e-11,0.9538012742996216,0.07836069166660309,0.16860896348953247
conditional_ldm_v4,conditional_ldm_v4_0150.nii.gz,True,True,True,1.9056875522061034e-10,0.9768744111061096,0.08762248605489731,0.17854270339012146
conditional_ldm_v4,conditional_ldm_v4_0151.nii.gz,True,True,True,5.346372997094839e-11,0.9769533276557922,0.0776967778801918,0.16406919062137604
conditional_ldm_v4,conditional_ldm_v4_0152.nii.gz,True,True,True,2.0363593623839993e-13,0.9684153199195862,0.09794577956199646,0.2030198723077774
conditional_ldm_v4,conditional_ldm_v4_0153.nii.gz,True,True,True,8.613719112982032e-12,0.9615969061851501,0.08972743153572083,0.19563530385494232
conditional_ldm_v4,conditional_ldm_v4_0154.nii.gz,True,True,True,3.4471737964114624e-11,0.9544247388839722,0.08721792697906494,0.18675030767917633
conditional_ldm_v4,conditional_ldm_v4_0155.nii.gz,True,True,True,5.524601175838084e-12,0.9733909368515015,0.09502049535512924,0.2048928290605545
conditional_ldm_v4,conditional_ldm_v4_0156.nii.gz,True,True,True,1.5910091169871188e-12,0.9684000015258789,0.0772244930267334,0.16632959246635437
conditional_ldm_v4,conditional_ldm_v4_0157.nii.gz,True,True,True,8.254495004189621e-11,0.9679175019264221,0.07472705096006393,0.16016750037670135
conditional_ldm_v4,conditional_ldm_v4_0158.nii.gz,True,True,True,2.7579871979960258e-12,0.9568424224853516,0.0784815177321434,0.16800457239151
conditional_ldm_v4,conditional_ldm_v4_0159.nii.gz,True,True,True,9.015210453156008e-12,0.9495009183883667,0.07823390513658524,0.16520896553993225
conditional_ldm_v4,conditional_ldm_v4_0160.nii.gz,True,True,True,4.497126195740497e-12,0.9703307151794434,0.08482895791530609,0.18251198530197144
conditional_ldm_v4,conditional_ldm_v4_0161.nii.gz,True,True,True,5.5962092598838e-12,0.960930585861206,0.09993115067481995,0.21176068484783173
conditional_ldm_v4,conditional_ldm_v4_0162.nii.gz,True,True,True,4.763305375132809e-11,0.9610971808433533,0.08388552814722061,0.18487894535064697
conditional_ldm_v4,conditional_ldm_v4_0163.nii.gz,True,True,True,7.12890163567792e-11,0.9782002568244934,0.08147633075714111,0.17221081256866455
conditional_ldm_v4,conditional_ldm_v4_0164.nii.gz,True,True,True,5.234456531416631e-13,0.9598808288574219,0.08664289861917496,0.18386924266815186
conditional_ldm_v4,conditional_ldm_v4_0165.nii.gz,True,True,True,1.284209960594751e-10,0.9788404703140259,0.07427502423524857,0.15648312866687775
conditional_ldm_v4,conditional_ldm_v4_0166.nii.gz,True,True,True,5.2310385190157405e-11,0.9745112061500549,0.08466877043247223,0.17806538939476013
conditional_ldm_v4,conditional_ldm_v4_0167.nii.gz,True,True,True,2.3764195472564253e-11,0.9695428609848022,0.0807805135846138,0.17255933582782745
conditional_ldm_v4,conditional_ldm_v4_0168.nii.gz,True,True,True,1.5421751375921389e-10,0.9722312092781067,0.07855085283517838,0.16346628963947296
conditional_ldm_v4,conditional_ldm_v4_0169.nii.gz,True,True,True,2.3949394550859537e-11,0.9786208868026733,0.09239218384027481,0.19846610724925995
conditional_ldm_v4,conditional_ldm_v4_0170.nii.gz,True,True,True,3.705535878140154e-11,0.9715277552604675,0.08820492029190063,0.18456067144870758
conditional_ldm_v4,conditional_ldm_v4_0171.nii.gz,True,True,True,4.9621688702483624e-11,0.9668067693710327,0.09752331674098969,0.1993173509836197
conditional_ldm_v4,conditional_ldm_v4_0172.nii.gz,True,True,True,4.7727270052755344e-11,0.978473961353302,0.09146319329738617,0.18997229635715485
conditional_ldm_v4,conditional_ldm_v4_0173.nii.gz,True,True,True,4.802541697657148e-11,0.9580271244049072,0.07230336219072342,0.15299057960510254
conditional_ldm_v4,conditional_ldm_v4_0174.nii.gz,True,True,True,7.861728168424495e-14,0.944075345993042,0.10360931605100632,0.2261715829372406
conditional_ldm_v4,conditional_ldm_v4_0175.nii.gz,True,True,True,6.1197960761483206e-12,0.967716634273529,0.09794306755065918,0.20795735716819763
conditional_ldm_v4,conditional_ldm_v4_0176.nii.gz,True,True,True,1.65551933273278e-10,0.9644616842269897,0.07968787103891373,0.16525737941265106
conditional_ldm_v4,conditional_ldm_v4_0177.nii.gz,True,True,True,5.992526353609806e-13,0.9628691077232361,0.10344146192073822,0.2101047933101654
conditional_ldm_v4,conditional_ldm_v4_0178.nii.gz,True,True,True,3.325233838280539e-11,0.9721109867095947,0.09081846475601196,0.19160686433315277
conditional_ldm_v4,conditional_ldm_v4_0179.nii.gz,True,True,True,2.152037853475619e-10,0.9755467176437378,0.07494205236434937,0.1570947766304016
conditional_ldm_v4,conditional_ldm_v4_0180.nii.gz,True,True,True,7.557256903600873e-12,0.967914342880249,0.08953369408845901,0.19401010870933533
conditional_ldm_v4,conditional_ldm_v4_0181.nii.gz,True,True,True,4.944042397703186e-10,0.9459395408630371,0.0779767706990242,0.16651497781276703
conditional_ldm_v4,conditional_ldm_v4_0182.nii.gz,True,True,True,7.558799072771016e-12,0.9668520092964172,0.09106069803237915,0.1895560771226883
conditional_ldm_v4,conditional_ldm_v4_0183.nii.gz,True,True,True,7.2454034959201774e-12,0.9803590774536133,0.0786534920334816,0.1681661158800125
conditional_ldm_v4,conditional_ldm_v4_0184.nii.gz,True,True,True,1.7729947718314598e-11,0.9739313721656799,0.0865435004234314,0.18193300068378448
conditional_ldm_v4,conditional_ldm_v4_0185.nii.gz,True,True,True,3.055698749587776e-11,0.9671089053153992,0.08192655444145203,0.1758626252412796
conditional_ldm_v4,conditional_ldm_v4_0186.nii.gz,True,True,True,8.211233776256321e-11,0.9709757566452026,0.07708965241909027,0.1609220653772354
conditional_ldm_v4,conditional_ldm_v4_0187.nii.gz,True,True,True,1.9870514955666607e-10,0.977424144744873,0.08340655267238617,0.18138204514980316
conditional_ldm_v4,conditional_ldm_v4_0188.nii.gz,True,True,True,1.4642372384021662e-11,0.9467164278030396,0.09382538497447968,0.19448338449001312
conditional_ldm_v4,conditional_ldm_v4_0189.nii.gz,True,True,True,4.246522231077243e-11,0.9821407794952393,0.08951012045145035,0.19400779902935028
conditional_ldm_v4,conditional_ldm_v4_0190.nii.gz,True,True,True,3.4500548251603647e-11,0.9480060935020447,0.08452718704938889,0.17823860049247742
conditional_ldm_v4,conditional_ldm_v4_0191.nii.gz,True,True,True,4.444839218908925e-10,0.9721415042877197,0.07661546766757965,0.16213546693325043
conditional_ldm_v4,conditional_ldm_v4_0192.nii.gz,True,True,True,8.891052477588701e-11,0.9835891723632812,0.08489728718996048,0.17705409228801727
conditional_ldm_v4,conditional_ldm_v4_0193.nii.gz,True,True,True,2.675629995341211e-10,0.9757382273674011,0.07281260937452316,0.154419407248497
conditional_ldm_v4,conditional_ldm_v4_0194.nii.gz,True,True,True,2.9793736922023584e-11,0.9858186841011047,0.08039160072803497,0.1729200780391693
conditional_ldm_v4,conditional_ldm_v4_0195.nii.gz,True,True,True,7.846504695985246e-11,0.9705349206924438,0.08051673322916031,0.16900815069675446
conditional_ldm_v4,conditional_ldm_v4_0196.nii.gz,True,True,True,2.8777050187223097e-12,0.9618721008300781,0.08983734250068665,0.18844473361968994
conditional_ldm_v4,conditional_ldm_v4_0197.nii.gz,True,True,True,3.25311583226906e-11,0.9748674035072327,0.08090011030435562,0.1733531355857849
conditional_ldm_v4,conditional_ldm_v4_0198.nii.gz,True,True,True,4.205644946880804e-12,0.9630247354507446,0.08053905516862869,0.178122416138649
conditional_ldm_v4,conditional_ldm_v4_0199.nii.gz,True,True,True,1.7343438358098477e-14,0.9543817639350891,0.09788729250431061,0.20539475977420807
