model,sample_id,source_filename,wt_evanyseg_predicted_dice,condition_adherence_dice,predicted_tumour_voxels_lowres,predicted_tumour_fraction_lowres,mean_probability_inside_prediction,empty_prediction
ddpm_v5,0000,ddpm_v5_0000.nii.gz,0.85693359375,,9657,0.010363367101648351,0.9670931696891785,False
ddpm_v5,0001,ddpm_v5_0001.nii.gz,0.783203125,,10794,0.011583533653846154,0.9687650203704834,False
ddpm_v5,0002,ddpm_v5_0002.nii.gz,0.75146484375,,10001,0.01073252918956044,0.9615298509597778,False
ddpm_v5,0003,ddpm_v5_0003.nii.gz,0.79833984375,,12004,0.012882039835164835,0.9677222371101379,False
ddpm_v5,0004,ddpm_v5_0004.nii.gz,0.7939453125,,12851,0.013790994162087912,0.9718642830848694,False
ddpm_v5,0005,ddpm_v5_0005.nii.gz,0.87890625,,9102,0.009767771291208791,0.960840106010437,False
ddpm_v5,0006,ddpm_v5_0006.nii.gz,0.82861328125,,9844,0.01056404532967033,0.9749776124954224,False
ddpm_v5,0007,ddpm_v5_0007.nii.gz,0.85595703125,,13501,0.014488538804945056,0.9734199643135071,False
ddpm_v5,0008,ddpm_v5_0008.nii.gz,0.83740234375,,15449,0.01657902644230769,0.9655466675758362,False
ddpm_v5,0009,ddpm_v5_0009.nii.gz,0.79052734375,,10708,0.011491243131868133,0.9632581472396851,False
ddpm_v5,0010,ddpm_v5_0010.nii.gz,0.8271484375,,5115,0.005489139766483516,0.965194582939148,False
ddpm_v5,0011,ddpm_v5_0011.nii.gz,0.599609375,,9158,0.009827867445054945,0.9498007893562317,False
ddpm_v5,0012,ddpm_v5_0012.nii.gz,0.74658203125,,13871,0.014885602678571428,0.9645562171936035,False
ddpm_v5,0013,ddpm_v5_0013.nii.gz,0.806640625,,11669,0.012522536057692308,0.9654327630996704,False
ddpm_v5,0014,ddpm_v5_0014.nii.gz,0.82177734375,,16480,0.01768543956043956,0.9703237414360046,False
ddpm_v5,0015,ddpm_v5_0015.nii.gz,0.8291015625,,14143,0.015177498282967033,0.9599298238754272,False
ddpm_v5,0016,ddpm_v5_0016.nii.gz,0.72119140625,,15459,0.016589757898351647,0.947822093963623,False
ddpm_v5,0017,ddpm_v5_0017.nii.gz,0.69775390625,,11739,0.01259765625,0.954667329788208,False
ddpm_v5,0018,ddpm_v5_0018.nii.gz,0.86865234375,,13938,0.014957503434065935,0.9640291929244995,False
ddpm_v5,0019,ddpm_v5_0019.nii.gz,0.7646484375,,8615,0.009245149381868132,0.9595985412597656,False
ddpm_v5,0020,ddpm_v5_0020.nii.gz,0.77490234375,,14165,0.015201107486263736,0.9487605690956116,False
ddpm_v5,0021,ddpm_v5_0021.nii.gz,0.77001953125,,10300,0.011053399725274726,0.9636948108673096,False
ddpm_v5,0022,ddpm_v5_0022.nii.gz,0.72900390625,,13426,0.014408052884615385,0.9598010778427124,False
ddpm_v5,0023,ddpm_v5_0023.nii.gz,0.87548828125,,6924,0.0074304601648351645,0.9674538969993591,False
ddpm_v5,0024,ddpm_v5_0024.nii.gz,0.8251953125,,11274,0.012098643543956044,0.9679968357086182,False
ddpm_v5,0025,ddpm_v5_0025.nii.gz,0.8359375,,16485,0.01769080528846154,0.956976056098938,False
ddpm_v5,0026,ddpm_v5_0026.nii.gz,0.8095703125,,8992,0.009649725274725275,0.963252067565918,False
ddpm_v5,0027,ddpm_v5_0027.nii.gz,0.90966796875,,8540,0.009164663461538462,0.9681601524353027,False
ddpm_v5,0028,ddpm_v5_0028.nii.gz,0.810546875,,13537,0.014527172046703297,0.9619150757789612,False
ddpm_v5,0029,ddpm_v5_0029.nii.gz,0.841796875,,14554,0.015618561126373626,0.9623696208000183,False
ddpm_v5,0030,ddpm_v5_0030.nii.gz,0.791015625,,8044,0.008632383241758242,0.9584401845932007,False
ddpm_v5,0031,ddpm_v5_0031.nii.gz,0.8486328125,,7315,0.007850060096153846,0.9616060853004456,False
ddpm_v5,0032,ddpm_v5_0032.nii.gz,0.8232421875,,14393,0.015445784684065935,0.9671310186386108,False
ddpm_v5,0033,ddpm_v5_0033.nii.gz,0.89013671875,,8760,0.009400755494505494,0.9625713229179382,False
ddpm_v5,0034,ddpm_v5_0034.nii.gz,0.82421875,,11705,0.01256116929945055,0.965599775314331,False
ddpm_v5,0035,ddpm_v5_0035.nii.gz,0.8369140625,,9905,0.010629507211538462,0.9634265899658203,False
ddpm_v5,0036,ddpm_v5_0036.nii.gz,0.81689453125,,19358,0.02077395260989011,0.967552661895752,False
ddpm_v5,0037,ddpm_v5_0037.nii.gz,0.84326171875,,9813,0.010530777815934067,0.9518740773200989,False
ddpm_v5,0038,ddpm_v5_0038.nii.gz,0.8994140625,,16925,0.018162989354395604,0.9661726951599121,False
ddpm_v5,0039,ddpm_v5_0039.nii.gz,0.86376953125,,7980,0.008563701923076924,0.9623701572418213,False
ddpm_v5,0040,ddpm_v5_0040.nii.gz,0.76123046875,,12920,0.013865041208791208,0.9590083956718445,False
ddpm_v5,0041,ddpm_v5_0041.nii.gz,0.78466796875,,19851,0.021303013392857142,0.9482120275497437,False
ddpm_v5,0042,ddpm_v5_0042.nii.gz,0.794921875,,13399,0.014379077953296703,0.9584836959838867,False
ddpm_v5,0043,ddpm_v5_0043.nii.gz,0.873046875,,12614,0.013536658653846154,0.9754613637924194,False
ddpm_v5,0044,ddpm_v5_0044.nii.gz,0.837890625,,13469,0.014454198145604396,0.9721598625183105,False
ddpm_v5,0045,ddpm_v5_0045.nii.gz,0.83203125,,5568,0.005975274725274725,0.9535784721374512,False
ddpm_v5,0046,ddpm_v5_0046.nii.gz,0.7998046875,,10764,0.011551339285714286,0.9638487696647644,False
ddpm_v5,0047,ddpm_v5_0047.nii.gz,0.853515625,,16112,0.01729052197802198,0.9732699990272522,False
ddpm_v5,0048,ddpm_v5_0048.nii.gz,0.87744140625,,14452,0.015509100274725275,0.9658932685852051,False
ddpm_v5,0049,ddpm_v5_0049.nii.gz,0.798828125,,10873,0.011668312156593407,0.963290274143219,False
ddpm_v5,0050,ddpm_v5_0050.nii.gz,0.822265625,,15611,0.01675287603021978,0.9654197692871094,False
ddpm_v5,0051,ddpm_v5_0051.nii.gz,0.8310546875,,11463,0.012301468063186813,0.9654061794281006,False
ddpm_v5,0052,ddpm_v5_0052.nii.gz,0.8037109375,,16126,0.017305546016483517,0.9661218523979187,False
ddpm_v5,0053,ddpm_v5_0053.nii.gz,0.87548828125,,8015,0.00860126201923077,0.9789709448814392,False
ddpm_v5,0054,ddpm_v5_0054.nii.gz,0.60009765625,,7855,0.008429558722527472,0.9595715403556824,False
ddpm_v5,0055,ddpm_v5_0055.nii.gz,0.85595703125,,6741,0.0072340745192307696,0.965860903263092,False
ddpm_v5,0056,ddpm_v5_0056.nii.gz,0.88232421875,,10780,0.011568509615384616,0.9756397604942322,False
ddpm_v5,0057,ddpm_v5_0057.nii.gz,0.744140625,,10473,0.011239053914835165,0.9623229503631592,False
ddpm_v5,0058,ddpm_v5_0058.nii.gz,0.8916015625,,12566,0.013485147664835165,0.9724867343902588,False
ddpm_v5,0059,ddpm_v5_0059.nii.gz,0.89208984375,,14051,0.015078768887362638,0.9714885354042053,False
ddpm_v5,0060,ddpm_v5_0060.nii.gz,0.798828125,,15582,0.016721754807692307,0.9563056230545044,False
ddpm_v5,0061,ddpm_v5_0061.nii.gz,0.81982421875,,12379,0.013284469436813186,0.9636706709861755,False
ddpm_v5,0062,ddpm_v5_0062.nii.gz,0.662109375,,10760,0.011547046703296704,0.9549748301506042,False
ddpm_v5,0063,ddpm_v5_0063.nii.gz,0.72900390625,,16422,0.017623197115384615,0.9413573741912842,False
ddpm_v5,0064,ddpm_v5_0064.nii.gz,0.76513671875,,6629,0.007113882211538461,0.9613444805145264,False
ddpm_v5,0065,ddpm_v5_0065.nii.gz,0.8037109375,,11720,0.012577266483516484,0.9597739577293396,False
ddpm_v5,0066,ddpm_v5_0066.nii.gz,0.85791015625,,10436,0.011199347527472528,0.9648757576942444,False
ddpm_v5,0067,ddpm_v5_0067.nii.gz,0.7978515625,,19217,0.02062263907967033,0.9658017754554749,False
ddpm_v5,0068,ddpm_v5_0068.nii.gz,0.8779296875,,7904,0.008482142857142856,0.9604400396347046,False
ddpm_v5,0069,ddpm_v5_0069.nii.gz,0.68408203125,,6604,0.007087053571428571,0.9670077562332153,False
ddpm_v5,0070,ddpm_v5_0070.nii.gz,0.75146484375,,13954,0.014974673763736264,0.9570071697235107,False
ddpm_v5,0071,ddpm_v5_0071.nii.gz,0.830078125,,17158,0.01841303228021978,0.9672355651855469,False
ddpm_v5,0072,ddpm_v5_0072.nii.gz,0.6376953125,,6843,0.007343535370879121,0.9595619440078735,False
ddpm_v5,0073,ddpm_v5_0073.nii.gz,0.86376953125,,13296,0.014268543956043956,0.9680653810501099,False
ddpm_v5,0074,ddpm_v5_0074.nii.gz,0.8662109375,,9734,0.010445999313186813,0.9653383493423462,False
ddpm_v5,0075,ddpm_v5_0075.nii.gz,0.810546875,,9263,0.009940547733516483,0.9639037847518921,False
ddpm_v5,0076,ddpm_v5_0076.nii.gz,0.71240234375,,9912,0.010637019230769231,0.9519993662834167,False
ddpm_v5,0077,ddpm_v5_0077.nii.gz,0.85546875,,12687,0.013614998282967033,0.9599255919456482,False
ddpm_v5,0078,ddpm_v5_0078.nii.gz,0.80908203125,,11732,0.012590144230769231,0.9629297256469727,False
ddpm_v5,0079,ddpm_v5_0079.nii.gz,0.73974609375,,13730,0.014734289148351648,0.9619228839874268,False
ddpm_v5,0080,ddpm_v5_0080.nii.gz,0.80419921875,,8783,0.009425437843406593,0.9576637744903564,False
ddpm_v5,0081,ddpm_v5_0081.nii.gz,0.84423828125,,10097,0.010835551167582417,0.9704344272613525,False
ddpm_v5,0082,ddpm_v5_0082.nii.gz,0.81005859375,,17904,0.019213598901098902,0.9680551290512085,False
ddpm_v5,0083,ddpm_v5_0083.nii.gz,0.79345703125,,8124,0.00871823489010989,0.9522446393966675,False
ddpm_v5,0084,ddpm_v5_0084.nii.gz,0.81201171875,,9194,0.009866500686813186,0.9699103236198425,False
ddpm_v5,0085,ddpm_v5_0085.nii.gz,0.82373046875,,15452,0.01658224587912088,0.9705126285552979,False
ddpm_v5,0086,ddpm_v5_0086.nii.gz,0.8251953125,,8091,0.008682821085164836,0.9592092633247375,False
ddpm_v5,0087,ddpm_v5_0087.nii.gz,0.82666015625,,13086,0.01404318337912088,0.9631577730178833,False
ddpm_v5,0088,ddpm_v5_0088.nii.gz,0.8125,,6967,0.007476605425824176,0.9473308324813843,False
ddpm_v5,0089,ddpm_v5_0089.nii.gz,0.85009765625,,12996,0.013946600274725275,0.9668325185775757,False
ddpm_v5,0090,ddpm_v5_0090.nii.gz,0.693359375,,12618,0.013540951236263737,0.9500455260276794,False
ddpm_v5,0091,ddpm_v5_0091.nii.gz,0.7265625,,12361,0.013265152815934066,0.9670473337173462,False
ddpm_v5,0092,ddpm_v5_0092.nii.gz,0.8896484375,,11526,0.012369076236263736,0.9720406532287598,False
ddpm_v5,0093,ddpm_v5_0093.nii.gz,0.8681640625,,11924,0.012796188186813186,0.9691820740699768,False
ddpm_v5,0094,ddpm_v5_0094.nii.gz,0.8330078125,,19485,0.020910242101648352,0.9658777713775635,False
ddpm_v5,0095,ddpm_v5_0095.nii.gz,0.8427734375,,7496,0.00804429945054945,0.9582131505012512,False
ddpm_v5,0096,ddpm_v5_0096.nii.gz,0.71875,,10983,0.011786358173076923,0.9576960802078247,False
ddpm_v5,0097,ddpm_v5_0097.nii.gz,0.783203125,,22337,0.023970853365384615,0.9449905753135681,False
ddpm_v5,0098,ddpm_v5_0098.nii.gz,0.78857421875,,5508,0.005910885989010989,0.966556966304779,False
ddpm_v5,0099,ddpm_v5_0099.nii.gz,0.859375,,9033,0.009693724244505495,0.9714837670326233,False
ddpm_v5,0100,ddpm_v5_0100.nii.gz,0.77734375,,10028,0.01076150412087912,0.9593676924705505,False
ddpm_v5,0101,ddpm_v5_0101.nii.gz,0.8037109375,,13772,0.014779361263736263,0.9667620062828064,False
ddpm_v5,0102,ddpm_v5_0102.nii.gz,0.7890625,,6155,0.006605211195054945,0.9581491947174072,False
ddpm_v5,0103,ddpm_v5_0103.nii.gz,0.76025390625,,11222,0.012042839972527473,0.9523941874504089,False
ddpm_v5,0104,ddpm_v5_0104.nii.gz,0.7880859375,,9095,0.009760259271978022,0.952765703201294,False
ddpm_v5,0105,ddpm_v5_0105.nii.gz,0.82958984375,,11730,0.01258799793956044,0.9735855460166931,False
ddpm_v5,0106,ddpm_v5_0106.nii.gz,0.744140625,,8463,0.00908203125,0.9632464647293091,False
ddpm_v5,0107,ddpm_v5_0107.nii.gz,0.62353515625,,9982,0.010712139423076923,0.9587605595588684,False
ddpm_v5,0108,ddpm_v5_0108.nii.gz,0.8056640625,,13232,0.014199862637362637,0.9603729248046875,False
ddpm_v5,0109,ddpm_v5_0109.nii.gz,0.7880859375,,13949,0.014969308035714286,0.9603687524795532,False
ddpm_v5,0110,ddpm_v5_0110.nii.gz,0.853515625,,18399,0.019744805975274726,0.9712594747543335,False
ddpm_v5,0111,ddpm_v5_0111.nii.gz,0.884765625,,11610,0.012459220467032968,0.9761969447135925,False
ddpm_v5,0112,ddpm_v5_0112.nii.gz,0.78564453125,,13649,0.014647364354395604,0.9585817456245422,False
ddpm_v5,0113,ddpm_v5_0113.nii.gz,0.8037109375,,19242,0.02064946771978022,0.9670608639717102,False
ddpm_v5,0114,ddpm_v5_0114.nii.gz,0.84375,,15901,0.017064088255494506,0.9705103635787964,False
ddpm_v5,0115,ddpm_v5_0115.nii.gz,0.88330078125,,10960,0.011761675824175824,0.9675002694129944,False
ddpm_v5,0116,ddpm_v5_0116.nii.gz,0.79931640625,,14121,0.01515388907967033,0.9629079103469849,False
ddpm_v5,0117,ddpm_v5_0117.nii.gz,0.828125,,13082,0.014038890796703297,0.9660645127296448,False
ddpm_v5,0118,ddpm_v5_0118.nii.gz,0.8779296875,,13622,0.014618389423076923,0.962432324886322,False
ddpm_v5,0119,ddpm_v5_0119.nii.gz,0.849609375,,14087,0.01511740212912088,0.9621725678443909,False
ddpm_v5,0120,ddpm_v5_0120.nii.gz,0.86962890625,,16865,0.018098600618131868,0.9568847417831421,False
ddpm_v5,0121,ddpm_v5_0121.nii.gz,0.84375,,10391,0.011151055975274726,0.9664843082427979,False
ddpm_v5,0122,ddpm_v5_0122.nii.gz,0.75341796875,,10039,0.010773308722527472,0.967110276222229,False
ddpm_v5,0123,ddpm_v5_0123.nii.gz,0.77392578125,,15101,0.01620557177197802,0.9605218172073364,False
ddpm_v5,0124,ddpm_v5_0124.nii.gz,0.6494140625,,13853,0.014866286057692307,0.9445757865905762,False
ddpm_v5,0125,ddpm_v5_0125.nii.gz,0.86767578125,,10575,0.011348514766483516,0.9699385166168213,False
ddpm_v5,0126,ddpm_v5_0126.nii.gz,0.85498046875,,14508,0.015569196428571429,0.9700583815574646,False
ddpm_v5,0127,ddpm_v5_0127.nii.gz,0.74609375,,7949,0.008530434409340659,0.9638097882270813,False
ddpm_v5,0128,ddpm_v5_0128.nii.gz,0.74462890625,,18722,0.020091432005494507,0.9623268842697144,False
ddpm_v5,0129,ddpm_v5_0129.nii.gz,0.77001953125,,17992,0.019308035714285715,0.9560350179672241,False
ddpm_v5,0130,ddpm_v5_0130.nii.gz,0.76611328125,,13733,0.014737508585164835,0.9667075872421265,False
ddpm_v5,0131,ddpm_v5_0131.nii.gz,0.76953125,,8087,0.008678528502747253,0.9731484651565552,False
ddpm_v5,0132,ddpm_v5_0132.nii.gz,0.7744140625,,10049,0.010784040178571428,0.9589793086051941,False
ddpm_v5,0133,ddpm_v5_0133.nii.gz,0.76416015625,,12513,0.013428270947802199,0.9594153165817261,False
ddpm_v5,0134,ddpm_v5_0134.nii.gz,0.8623046875,,14096,0.01512706043956044,0.9650474786758423,False
ddpm_v5,0135,ddpm_v5_0135.nii.gz,0.8115234375,,10018,0.010750772664835165,0.9621134400367737,False
ddpm_v5,0136,ddpm_v5_0136.nii.gz,0.68701171875,,9188,0.009860061813186813,0.9655475616455078,False
ddpm_v5,0137,ddpm_v5_0137.nii.gz,0.890625,,12592,0.013513049450549451,0.9719676971435547,False
ddpm_v5,0138,ddpm_v5_0138.nii.gz,0.8076171875,,10443,0.011206859546703297,0.9672881960868835,False
ddpm_v5,0139,ddpm_v5_0139.nii.gz,0.77001953125,,7342,0.007879035027472527,0.9538939595222473,False
ddpm_v5,0140,ddpm_v5_0140.nii.gz,0.84423828125,,10211,0.010957889766483516,0.9591419696807861,False
ddpm_v5,0141,ddpm_v5_0141.nii.gz,0.8095703125,,17958,0.019271548763736265,0.9730615019798279,False
ddpm_v5,0142,ddpm_v5_0142.nii.gz,0.84033203125,,15378,0.016502833104395605,0.9612781405448914,False
ddpm_v5,0143,ddpm_v5_0143.nii.gz,0.67431640625,,7014,0.007527043269230769,0.9569650292396545,False
ddpm_v5,0144,ddpm_v5_0144.nii.gz,0.6689453125,,9934,0.010660628434065934,0.9543961882591248,False
ddpm_v5,0145,ddpm_v5_0145.nii.gz,0.78662109375,,12020,0.012899210164835164,0.9557008147239685,False
ddpm_v5,0146,ddpm_v5_0146.nii.gz,0.76904296875,,7359,0.007897278502747252,0.967796802520752,False
ddpm_v5,0147,ddpm_v5_0147.nii.gz,0.833984375,,10536,0.011306662087912088,0.9752194285392761,False
ddpm_v5,0148,ddpm_v5_0148.nii.gz,0.74462890625,,9128,0.009795673076923077,0.9677820205688477,False
ddpm_v5,0149,ddpm_v5_0149.nii.gz,0.8447265625,,10853,0.011646849244505495,0.9728319048881531,False
ddpm_v5,0150,ddpm_v5_0150.nii.gz,0.82568359375,,14309,0.015355640453296703,0.9591881632804871,False
ddpm_v5,0151,ddpm_v5_0151.nii.gz,0.68896484375,,18764,0.020136504120879122,0.9677334427833557,False
ddpm_v5,0152,ddpm_v5_0152.nii.gz,0.8310546875,,14960,0.01605425824175824,0.9675936698913574,False
ddpm_v5,0153,ddpm_v5_0153.nii.gz,0.82568359375,,7425,0.007968106112637362,0.9553515911102295,False
ddpm_v5,0154,ddpm_v5_0154.nii.gz,0.83203125,,7898,0.008475703983516483,0.9644032120704651,False
ddpm_v5,0155,ddpm_v5_0155.nii.gz,0.8486328125,,8699,0.009335293612637362,0.9601097106933594,False
ddpm_v5,0156,ddpm_v5_0156.nii.gz,0.7548828125,,12381,0.013286615728021978,0.9557741284370422,False
ddpm_v5,0157,ddpm_v5_0157.nii.gz,0.60205078125,,8021,0.008607700892857144,0.9526060819625854,False
ddpm_v5,0158,ddpm_v5_0158.nii.gz,0.79052734375,,13625,0.01462160885989011,0.9601266980171204,False
ddpm_v5,0159,ddpm_v5_0159.nii.gz,0.84716796875,,8604,0.00923334478021978,0.9647016525268555,False
ddpm_v5,0160,ddpm_v5_0160.nii.gz,0.89697265625,,12389,0.013295200892857142,0.96766597032547,False
ddpm_v5,0161,ddpm_v5_0161.nii.gz,0.765625,,12799,0.01373519059065934,0.963665246963501,False
ddpm_v5,0162,ddpm_v5_0162.nii.gz,0.75439453125,,8340,0.00895003434065934,0.9491782188415527,False
ddpm_v5,0163,ddpm_v5_0163.nii.gz,0.58251953125,,8234,0.008836280906593406,0.9456217288970947,False
ddpm_v5,0164,ddpm_v5_0164.nii.gz,0.78759765625,,12412,0.013319883241758241,0.9708906412124634,False
ddpm_v5,0165,ddpm_v5_0165.nii.gz,0.8193359375,,10663,0.011442951579670329,0.9608173370361328,False
ddpm_v5,0166,ddpm_v5_0166.nii.gz,0.8056640625,,17919,0.019229696085164835,0.9663147926330566,False
ddpm_v5,0167,ddpm_v5_0167.nii.gz,0.65380859375,,13202,0.01416766826923077,0.9365290403366089,False
ddpm_v5,0168,ddpm_v5_0168.nii.gz,0.82568359375,,8467,0.009086323832417583,0.9598900675773621,False
ddpm_v5,0169,ddpm_v5_0169.nii.gz,0.69580078125,,12944,0.013890796703296703,0.9397829174995422,False
ddpm_v5,0170,ddpm_v5_0170.nii.gz,0.7978515625,,8709,0.009346025068681318,0.9646396636962891,False
ddpm_v5,0171,ddpm_v5_0171.nii.gz,0.82958984375,,5087,0.005459091689560439,0.9599019885063171,False
ddpm_v5,0172,ddpm_v5_0172.nii.gz,0.79443359375,,9984,0.010714285714285714,0.9653846621513367,False
ddpm_v5,0173,ddpm_v5_0173.nii.gz,0.830078125,,7264,0.00779532967032967,0.9680480360984802,False
ddpm_v5,0174,ddpm_v5_0174.nii.gz,0.86572265625,,8468,0.009087396978021979,0.96134352684021,False
ddpm_v5,0175,ddpm_v5_0175.nii.gz,0.85107421875,,11888,0.012757554945054945,0.9613529443740845,False
ddpm_v5,0176,ddpm_v5_0176.nii.gz,0.802734375,,11381,0.012213470123626374,0.958234429359436,False
ddpm_v5,0177,ddpm_v5_0177.nii.gz,0.81982421875,,11819,0.012683507898351648,0.9601908922195435,False
ddpm_v5,0178,ddpm_v5_0178.nii.gz,0.8037109375,,9821,0.010539362980769231,0.9707065224647522,False
ddpm_v5,0179,ddpm_v5_0179.nii.gz,0.810546875,,16225,0.01741178743131868,0.9645735621452332,False
ddpm_v5,0180,ddpm_v5_0180.nii.gz,0.755859375,,9022,0.009681919642857143,0.975088357925415,False
ddpm_v5,0181,ddpm_v5_0181.nii.gz,0.84130859375,,5271,0.005656550480769231,0.9553024768829346,False
ddpm_v5,0182,ddpm_v5_0182.nii.gz,0.8525390625,,15091,0.016194840315934066,0.9650923609733582,False
ddpm_v5,0183,ddpm_v5_0183.nii.gz,0.78955078125,,15662,0.016807606456043955,0.9559109807014465,False
ddpm_v5,0184,ddpm_v5_0184.nii.gz,0.62353515625,,6340,0.006803743131868132,0.9537253975868225,False
ddpm_v5,0185,ddpm_v5_0185.nii.gz,0.8203125,,10845,0.01163826407967033,0.9684575200080872,False
ddpm_v5,0186,ddpm_v5_0186.nii.gz,0.83203125,,11477,0.012316492101648351,0.9642814993858337,False
ddpm_v5,0187,ddpm_v5_0187.nii.gz,0.8125,,12722,0.01365255837912088,0.9540441632270813,False
ddpm_v5,0188,ddpm_v5_0188.nii.gz,0.73193359375,,11112,0.011924793956043955,0.9617748260498047,False
ddpm_v5,0189,ddpm_v5_0189.nii.gz,0.806640625,,13155,0.014117230425824176,0.9586166739463806,False
ddpm_v5,0190,ddpm_v5_0190.nii.gz,0.7685546875,,11310,0.012137276785714286,0.9650918841362,False
ddpm_v5,0191,ddpm_v5_0191.nii.gz,0.78515625,,11485,0.012325077266483516,0.9576305150985718,False
ddpm_v5,0192,ddpm_v5_0192.nii.gz,0.7451171875,,6150,0.006599845467032967,0.9581295251846313,False
ddpm_v5,0193,ddpm_v5_0193.nii.gz,0.78515625,,14644,0.01571514423076923,0.9679906368255615,False
ddpm_v5,0194,ddpm_v5_0194.nii.gz,0.86669921875,,11682,0.012536486950549451,0.9709874987602234,False
ddpm_v5,0195,ddpm_v5_0195.nii.gz,0.849609375,,7012,0.007524896978021978,0.969851553440094,False
ddpm_v5,0196,ddpm_v5_0196.nii.gz,0.71240234375,,12659,0.013584950206043956,0.9586576819419861,False
ddpm_v5,0197,ddpm_v5_0197.nii.gz,0.83056640625,,12518,0.013433636675824177,0.97769695520401,False
ddpm_v5,0198,ddpm_v5_0198.nii.gz,0.748046875,,7934,0.008514337225274725,0.9575527310371399,False
ddpm_v5,0199,ddpm_v5_0199.nii.gz,0.7138671875,,13332,0.014307177197802197,0.9652888178825378,False
conditional_ddpm_v3,0000,conditional_ddpm_v3_0000.nii.gz,0.85400390625,0.8903947306070746,11450,0.01228751717032967,0.9756138920783997,False
conditional_ddpm_v3,0001,conditional_ddpm_v3_0001.nii.gz,0.833984375,0.8526665166517067,19610,0.021044385302197804,0.9739209413528442,False
conditional_ddpm_v3,0002,conditional_ddpm_v3_0002.nii.gz,0.880859375,0.8828227859212141,18525,0.019880022321428572,0.9800480008125305,False
conditional_ddpm_v3,0003,conditional_ddpm_v3_0003.nii.gz,0.87646484375,0.9415563886003474,22345,0.02397943853021978,0.9868065118789673,False
conditional_ddpm_v3,0004,conditional_ddpm_v3_0004.nii.gz,0.89111328125,0.8564988730278477,15936,0.017101648351648353,0.9841300249099731,False
conditional_ddpm_v3,0005,conditional_ddpm_v3_0005.nii.gz,0.8837890625,0.9488793591714623,31460,0.03376116071428571,0.9851804375648499,False
conditional_ddpm_v3,0006,conditional_ddpm_v3_0006.nii.gz,0.87060546875,0.8812079315991621,6042,0.006483945741758242,0.9728149771690369,False
conditional_ddpm_v3,0007,conditional_ddpm_v3_0007.nii.gz,0.87744140625,0.8626198083067393,23533,0.025254335508241757,0.9781613349914551,False
conditional_ddpm_v3,0008,conditional_ddpm_v3_0008.nii.gz,0.76220703125,0.2830392968605292,13354,0.0143307864010989,0.9683263897895813,False
conditional_ddpm_v3,0009,conditional_ddpm_v3_0009.nii.gz,0.8173828125,0.4083831690106091,14504,0.015564903846153846,0.963840663433075,False
conditional_ddpm_v3,0010,conditional_ddpm_v3_0010.nii.gz,0.8623046875,0.6939754012926339,12309,0.013209349244505494,0.9727676510810852,False
conditional_ddpm_v3,0011,conditional_ddpm_v3_0011.nii.gz,0.84716796875,0.5971408088392034,16343,0.01753841861263736,0.975661039352417,False
conditional_ddpm_v3,0012,conditional_ddpm_v3_0012.nii.gz,0.8876953125,0.9070398090899432,24172,0.02594007554945055,0.979525625705719,False
conditional_ddpm_v3,0013,conditional_ddpm_v3_0013.nii.gz,0.89892578125,0.9086479303046935,21410,0.022976047390109892,0.9824839234352112,False
conditional_ddpm_v3,0014,conditional_ddpm_v3_0014.nii.gz,0.83203125,0.23871788349059336,17082,0.018331473214285715,0.9597211480140686,False
conditional_ddpm_v3,0015,conditional_ddpm_v3_0015.nii.gz,0.81884765625,0.6918623702895436,23228,0.0249270260989011,0.9705289602279663,False
conditional_ddpm_v3,0016,conditional_ddpm_v3_0016.nii.gz,0.7158203125,0.6655560844045173,8253,0.008856670673076923,0.9619388580322266,False
conditional_ddpm_v3,0017,conditional_ddpm_v3_0017.nii.gz,0.8759765625,0.88592222557173,12404,0.013311298076923076,0.9780460596084595,False
conditional_ddpm_v3,0018,conditional_ddpm_v3_0018.nii.gz,0.80078125,0.25902072496108536,20810,0.022332160027472528,0.9664814472198486,False
conditional_ddpm_v3,0019,conditional_ddpm_v3_0019.nii.gz,0.87841796875,0.7902066605239463,22056,0.02366929945054945,0.979804277420044,False
conditional_ddpm_v3,0020,conditional_ddpm_v3_0020.nii.gz,0.9091796875,0.9353799698037405,19464,0.020887706043956043,0.9843072891235352,False
conditional_ddpm_v3,0021,conditional_ddpm_v3_0021.nii.gz,0.873046875,0.9318343294186768,12466,0.013377833104395604,0.9855027794837952,False
conditional_ddpm_v3,0022,conditional_ddpm_v3_0022.nii.gz,0.84912109375,0.3219197305644485,17744,0.019041895604395603,0.9689853191375732,False
conditional_ddpm_v3,0023,conditional_ddpm_v3_0023.nii.gz,0.85546875,0.527708685703385,7366,0.007904790521978022,0.9663695693016052,False
conditional_ddpm_v3,0024,conditional_ddpm_v3_0024.nii.gz,0.83251953125,0.48662646876952437,19293,0.020704198145604397,0.9647793769836426,False
conditional_ddpm_v3,0025,conditional_ddpm_v3_0025.nii.gz,0.8828125,0.904274166758968,19227,0.020633370535714287,0.9791952967643738,False
conditional_ddpm_v3,0026,conditional_ddpm_v3_0026.nii.gz,0.8447265625,0.9056373125206142,11413,0.012247810782967033,0.9818675518035889,False
conditional_ddpm_v3,0027,conditional_ddpm_v3_0027.nii.gz,0.8154296875,0.5594874518657683,20490,0.021988753434065936,0.9634702801704407,False
conditional_ddpm_v3,0028,conditional_ddpm_v3_0028.nii.gz,0.86328125,0.6980079681275904,18437,0.01978558550824176,0.9647507667541504,False
conditional_ddpm_v3,0029,conditional_ddpm_v3_0029.nii.gz,0.87548828125,0.8501763596095787,26873,0.028838641826923077,0.9723955988883972,False
conditional_ddpm_v3,0030,conditional_ddpm_v3_0030.nii.gz,0.82958984375,0.7179270525280116,8615,0.009245149381868132,0.962936282157898,False
conditional_ddpm_v3,0031,conditional_ddpm_v3_0031.nii.gz,0.84912109375,0.780672537299913,12449,0.013359589629120878,0.9770992398262024,False
conditional_ddpm_v3,0032,conditional_ddpm_v3_0032.nii.gz,0.82666015625,0.4291360813104548,9659,0.010365513392857142,0.9639796018600464,False
conditional_ddpm_v3,0033,conditional_ddpm_v3_0033.nii.gz,0.90185546875,0.7417360693741987,13428,0.014410199175824177,0.972115159034729,False
conditional_ddpm_v3,0034,conditional_ddpm_v3_0034.nii.gz,0.85498046875,0.28761837951637576,14561,0.015626073145604397,0.9504715204238892,False
conditional_ddpm_v3,0035,conditional_ddpm_v3_0035.nii.gz,0.8759765625,0.7833904663347185,18314,0.0196535885989011,0.971320629119873,False
conditional_ddpm_v3,0036,conditional_ddpm_v3_0036.nii.gz,0.88671875,0.9268511761073579,18726,0.02009572458791209,0.982933759689331,False
conditional_ddpm_v3,0037,conditional_ddpm_v3_0037.nii.gz,0.80029296875,0.621823162380443,8926,0.009578897664835165,0.9605449438095093,False
conditional_ddpm_v3,0038,conditional_ddpm_v3_0038.nii.gz,0.896484375,0.9578492348660409,27528,0.029541552197802197,0.9876499176025391,False
conditional_ddpm_v3,0039,conditional_ddpm_v3_0039.nii.gz,0.826171875,0.21627793182231483,15717,0.016866629464285715,0.9675962924957275,False
conditional_ddpm_v3,0040,conditional_ddpm_v3_0040.nii.gz,0.802734375,0.25543916196648964,19421,0.020841560782967034,0.9590408205986023,False
conditional_ddpm_v3,0041,conditional_ddpm_v3_0041.nii.gz,0.904296875,0.26303493681678713,16066,0.01724115728021978,0.9673383235931396,False
conditional_ddpm_v3,0042,conditional_ddpm_v3_0042.nii.gz,0.8212890625,0.5887362275582333,15801,0.016956773695054946,0.9661450982093811,False
conditional_ddpm_v3,0043,conditional_ddpm_v3_0043.nii.gz,0.88232421875,0.9113478845557234,25400,0.027257898351648352,0.9825460314750671,False
conditional_ddpm_v3,0044,conditional_ddpm_v3_0044.nii.gz,0.79833984375,0.24959624137461478,17679,0.01897214114010989,0.9628435373306274,False
conditional_ddpm_v3,0045,conditional_ddpm_v3_0045.nii.gz,0.77783203125,0.6693011972769116,16754,0.017979481456043955,0.9718996286392212,False
conditional_ddpm_v3,0046,conditional_ddpm_v3_0046.nii.gz,0.8798828125,0.8946710032525271,6350,0.006814474587912088,0.9811237454414368,False
conditional_ddpm_v3,0047,conditional_ddpm_v3_0047.nii.gz,0.85498046875,0.7255222272428051,17924,0.019235061813186814,0.9693422317504883,False
conditional_ddpm_v3,0048,conditional_ddpm_v3_0048.nii.gz,0.83349609375,0.03364572130969915,11873,0.01274145776098901,0.9657512903213501,False
conditional_ddpm_v3,0049,conditional_ddpm_v3_0049.nii.gz,0.85546875,0.7648456057008558,9903,0.01062736092032967,0.9758865833282471,False
conditional_ddpm_v3,0050,conditional_ddpm_v3_0050.nii.gz,0.85986328125,0.904794908953457,25121,0.026958490728021978,0.9819155931472778,False
conditional_ddpm_v3,0051,conditional_ddpm_v3_0051.nii.gz,0.853515625,0.6415483387226948,13773,0.014780434409340659,0.9683833122253418,False
conditional_ddpm_v3,0052,conditional_ddpm_v3_0052.nii.gz,0.8740234375,0.8480462089843599,15285,0.016403030563186812,0.9758177995681763,False
conditional_ddpm_v3,0053,conditional_ddpm_v3_0053.nii.gz,0.86962890625,0.3455280444672332,15951,0.017117745535714286,0.9605136513710022,False
conditional_ddpm_v3,0054,conditional_ddpm_v3_0054.nii.gz,0.8603515625,0.8980613744946945,23350,0.025057949862637364,0.9801844954490662,False
conditional_ddpm_v3,0055,conditional_ddpm_v3_0055.nii.gz,0.80322265625,0.1827335325454129,27932,0.029975103021978023,0.9607596397399902,False
conditional_ddpm_v3,0056,conditional_ddpm_v3_0056.nii.gz,0.89501953125,0.5879646805670447,18569,0.01992724072802198,0.9691705107688904,False
conditional_ddpm_v3,0057,conditional_ddpm_v3_0057.nii.gz,0.861328125,0.9090155530833696,24419,0.026205142513736263,0.9830037355422974,False
conditional_ddpm_v3,0058,conditional_ddpm_v3_0058.nii.gz,0.853515625,0.04704386522603977,26051,0.02795651614010989,0.96480792760849,False
conditional_ddpm_v3,0059,conditional_ddpm_v3_0059.nii.gz,0.8818359375,0.4368530020706176,19338,0.020752489697802197,0.9675723314285278,False
conditional_ddpm_v3,0060,conditional_ddpm_v3_0060.nii.gz,0.8525390625,0.8738689053659592,26518,0.028457675137362637,0.9743903875350952,False
conditional_ddpm_v3,0061,conditional_ddpm_v3_0061.nii.gz,0.8515625,0.7432987046300682,18653,0.02001738495879121,0.9733924269676208,False
conditional_ddpm_v3,0062,conditional_ddpm_v3_0062.nii.gz,0.85595703125,0.7917866533117183,13366,0.014343664148351648,0.9749857187271118,False
conditional_ddpm_v3,0063,conditional_ddpm_v3_0063.nii.gz,0.86865234375,0.675396498925985,28054,0.030106026785714286,0.9712541699409485,False
conditional_ddpm_v3,0064,conditional_ddpm_v3_0064.nii.gz,0.8115234375,0.8461808604039082,19198,0.020602249313186813,0.971942663192749,False
conditional_ddpm_v3,0065,conditional_ddpm_v3_0065.nii.gz,0.873046875,0.8453127332437966,30130,0.03233387706043956,0.975452721118927,False
conditional_ddpm_v3,0066,conditional_ddpm_v3_0066.nii.gz,0.73388671875,0.8243099048945376,12223,0.013117058722527473,0.9709146022796631,False
conditional_ddpm_v3,0067,conditional_ddpm_v3_0067.nii.gz,0.8583984375,0.7592652550239031,28113,0.030169342376373625,0.9726371169090271,False
conditional_ddpm_v3,0068,conditional_ddpm_v3_0068.nii.gz,0.77392578125,0.030420416999526932,16695,0.017916165865384616,0.9701817035675049,False
conditional_ddpm_v3,0069,conditional_ddpm_v3_0069.nii.gz,0.89697265625,0.8990418089586224,16096,0.01727335164835165,0.9794545769691467,False
conditional_ddpm_v3,0070,conditional_ddpm_v3_0070.nii.gz,0.86865234375,0.913011418228965,22862,0.024534254807692307,0.9810627698898315,False
conditional_ddpm_v3,0071,conditional_ddpm_v3_0071.nii.gz,0.89697265625,0.9246493609809375,29707,0.03187993646978022,0.9820152521133423,False
conditional_ddpm_v3,0072,conditional_ddpm_v3_0072.nii.gz,0.89013671875,0.9116381958953202,16869,0.01810289320054945,0.9852061867713928,False
conditional_ddpm_v3,0073,conditional_ddpm_v3_0073.nii.gz,0.875,0.8926815796741528,19133,0.0205324948489011,0.9794007539749146,False
conditional_ddpm_v3,0074,conditional_ddpm_v3_0074.nii.gz,0.876953125,0.9399062703921399,17189,0.018446299793956043,0.9865411520004272,False
conditional_ddpm_v3,0075,conditional_ddpm_v3_0075.nii.gz,0.822265625,0.7325341627932295,17935,0.019246866414835164,0.9726811051368713,False
conditional_ddpm_v3,0076,conditional_ddpm_v3_0076.nii.gz,0.849609375,0.8977290047249414,10723,0.011507340315934067,0.9830246567726135,False
conditional_ddpm_v3,0077,conditional_ddpm_v3_0077.nii.gz,0.84375,0.6521098994336206,26582,0.028526356456043955,0.9721868634223938,False
conditional_ddpm_v3,0078,conditional_ddpm_v3_0078.nii.gz,0.90625,0.9226804123711647,12898,0.013841432005494505,0.9815071225166321,False
conditional_ddpm_v3,0079,conditional_ddpm_v3_0079.nii.gz,0.8662109375,0.8647731678945655,22827,0.024496694711538463,0.9789190292358398,False
conditional_ddpm_v3,0080,conditional_ddpm_v3_0080.nii.gz,0.8369140625,0.26286213104955924,15773,0.01692672561813187,0.9681203961372375,False
conditional_ddpm_v3,0081,conditional_ddpm_v3_0081.nii.gz,0.8818359375,0.9175776931581393,8427,0.009043398008241759,0.9851871132850647,False
conditional_ddpm_v3,0082,conditional_ddpm_v3_0082.nii.gz,0.8662109375,0.729293779367512,17220,0.018479567307692308,0.9746558666229248,False
conditional_ddpm_v3,0083,conditional_ddpm_v3_0083.nii.gz,0.8974609375,0.7685815306239712,15710,0.016859117445054944,0.9826918840408325,False
conditional_ddpm_v3,0084,conditional_ddpm_v3_0084.nii.gz,0.8837890625,0.6523554380350525,19113,0.02051103193681319,0.9708996415138245,False
conditional_ddpm_v3,0085,conditional_ddpm_v3_0085.nii.gz,0.84326171875,0.7303434394264278,19353,0.020768586881868133,0.9721387028694153,False
conditional_ddpm_v3,0086,conditional_ddpm_v3_0086.nii.gz,0.859375,0.8577624635551293,22943,0.024621179601648353,0.9778880476951599,False
conditional_ddpm_v3,0087,conditional_ddpm_v3_0087.nii.gz,0.876953125,0.9014191630222639,30821,0.03307542067307692,0.9775437116622925,False
conditional_ddpm_v3,0088,conditional_ddpm_v3_0088.nii.gz,0.8740234375,0.8713005242686334,9437,0.010127275068681319,0.9808936715126038,False
conditional_ddpm_v3,0089,conditional_ddpm_v3_0089.nii.gz,0.8974609375,0.9093220017452841,28015,0.030064174107142856,0.984404981136322,False
conditional_ddpm_v3,0090,conditional_ddpm_v3_0090.nii.gz,0.87255859375,0.9038532110092037,17521,0.018802584134615385,0.9803385734558105,False
conditional_ddpm_v3,0091,conditional_ddpm_v3_0091.nii.gz,0.8984375,0.9213922019948659,14777,0.015857872596153847,0.9849029183387756,False
conditional_ddpm_v3,0092,conditional_ddpm_v3_0092.nii.gz,0.900390625,0.9254870184679005,15237,0.016351519574175823,0.9822842478752136,False
conditional_ddpm_v3,0093,conditional_ddpm_v3_0093.nii.gz,0.8125,0.732164165612102,16647,0.017864654876373627,0.9657212495803833,False
conditional_ddpm_v3,0094,conditional_ddpm_v3_0094.nii.gz,0.8359375,0.901580674023279,31267,0.03355404361263736,0.9757015705108643,False
conditional_ddpm_v3,0095,conditional_ddpm_v3_0095.nii.gz,0.857421875,0.831291872504625,16509,0.017716560782967034,0.9713950753211975,False
conditional_ddpm_v3,0096,conditional_ddpm_v3_0096.nii.gz,0.775390625,0.40930968550180696,11807,0.012670630151098901,0.9687678813934326,False
conditional_ddpm_v3,0097,conditional_ddpm_v3_0097.nii.gz,0.88818359375,0.9301972288430995,19437,0.020858731112637363,0.9832722544670105,False
conditional_ddpm_v3,0098,conditional_ddpm_v3_0098.nii.gz,0.80859375,0.521315828293494,14854,0.015940504807692307,0.9737541675567627,False
conditional_ddpm_v3,0099,conditional_ddpm_v3_0099.nii.gz,0.9033203125,0.8678344304362674,24603,0.026402601304945057,0.9798220992088318,False
conditional_ddpm_v3,0100,conditional_ddpm_v3_0100.nii.gz,0.8056640625,0.5311152657485859,18573,0.01993153331043956,0.9636123180389404,False
conditional_ddpm_v3,0101,conditional_ddpm_v3_0101.nii.gz,0.82568359375,0.37023417844040535,16779,0.018006310096153846,0.9595831036567688,False
conditional_ddpm_v3,0102,conditional_ddpm_v3_0102.nii.gz,0.90771484375,0.6085265519823421,8957,0.009612165178571429,0.9711575508117676,False
conditional_ddpm_v3,0103,conditional_ddpm_v3_0103.nii.gz,0.896484375,0.9475427085912436,32776,0.03517342032967033,0.9852972626686096,False
conditional_ddpm_v3,0104,conditional_ddpm_v3_0104.nii.gz,0.84521484375,0.21937680408613766,11968,0.012843406593406593,0.9630680084228516,False
conditional_ddpm_v3,0105,conditional_ddpm_v3_0105.nii.gz,0.90771484375,0.8627163851263727,9508,0.010203468406593407,0.9830895066261292,False
conditional_ddpm_v3,0106,conditional_ddpm_v3_0106.nii.gz,0.8798828125,0.693086686470533,18984,0.020372596153846154,0.973722517490387,False
conditional_ddpm_v3,0107,conditional_ddpm_v3_0107.nii.gz,0.88330078125,0.708863149943438,20228,0.021707589285714285,0.9742908477783203,False
conditional_ddpm_v3,0108,conditional_ddpm_v3_0108.nii.gz,0.765625,0.16470713980378113,17089,0.018338985233516483,0.9676467180252075,False
conditional_ddpm_v3,0109,conditional_ddpm_v3_0109.nii.gz,0.8515625,0.45711358313837197,20035,0.021500472184065936,0.9695525169372559,False
conditional_ddpm_v3,0110,conditional_ddpm_v3_0110.nii.gz,0.8828125,0.8480722817006473,18234,0.01956773695054945,0.9807823896408081,False
conditional_ddpm_v3,0111,conditional_ddpm_v3_0111.nii.gz,0.89306640625,0.937245064057156,26420,0.028352506868131868,0.9828421473503113,False
conditional_ddpm_v3,0112,conditional_ddpm_v3_0112.nii.gz,0.8173828125,0.09547663176922531,18937,0.02032215831043956,0.9599583148956299,False
conditional_ddpm_v3,0113,conditional_ddpm_v3_0113.nii.gz,0.8955078125,0.927130119997343,15299,0.01641805460164835,0.9841575622558594,False
conditional_ddpm_v3,0114,conditional_ddpm_v3_0114.nii.gz,0.82958984375,0.8715613838981785,19270,0.020679515796703296,0.9772148132324219,False
conditional_ddpm_v3,0115,conditional_ddpm_v3_0115.nii.gz,0.85986328125,0.8875096974399175,14420,0.015474759615384616,0.9772102236747742,False
conditional_ddpm_v3,0116,conditional_ddpm_v3_0116.nii.gz,0.763671875,0.5457456874593888,9800,0.010516826923076924,0.9414467811584473,False
conditional_ddpm_v3,0117,conditional_ddpm_v3_0117.nii.gz,0.8505859375,0.8594134032443446,20395,0.021886804601648352,0.9738941192626953,False
conditional_ddpm_v3,0118,conditional_ddpm_v3_0118.nii.gz,0.87158203125,0.26558484100223473,16802,0.018030992445054943,0.9595996141433716,False
conditional_ddpm_v3,0119,conditional_ddpm_v3_0119.nii.gz,0.80322265625,0.6335502301222998,25019,0.026849029876373626,0.9662551879882812,False
conditional_ddpm_v3,0120,conditional_ddpm_v3_0120.nii.gz,0.7421875,0.47902353457115954,20694,0.022207675137362638,0.9647037982940674,False
conditional_ddpm_v3,0121,conditional_ddpm_v3_0121.nii.gz,0.89599609375,0.9514703411191477,29453,0.03160735748626373,0.985588550567627,False
conditional_ddpm_v3,0122,conditional_ddpm_v3_0122.nii.gz,0.8642578125,0.5231755767759648,10435,0.011198274381868132,0.975829005241394,False
conditional_ddpm_v3,0123,conditional_ddpm_v3_0123.nii.gz,0.880859375,0.8802768951430094,28469,0.030551382211538462,0.9835204482078552,False
conditional_ddpm_v3,0124,conditional_ddpm_v3_0124.nii.gz,0.904296875,0.890291806958525,11028,0.011834649725274725,0.9764507412910461,False
conditional_ddpm_v3,0125,conditional_ddpm_v3_0125.nii.gz,0.8642578125,0.8461523592291484,29117,0.03124678056318681,0.976483166217804,False
conditional_ddpm_v3,0126,conditional_ddpm_v3_0126.nii.gz,0.81396484375,0.7475289466253184,21689,0.023275455013736263,0.9726086854934692,False
conditional_ddpm_v3,0127,conditional_ddpm_v3_0127.nii.gz,0.82470703125,0.6850105521866575,24356,0.02613753434065934,0.9764754176139832,False
conditional_ddpm_v3,0128,conditional_ddpm_v3_0128.nii.gz,0.80810546875,0.4315439909204122,17524,0.01880580357142857,0.9592652320861816,False
conditional_ddpm_v3,0129,conditional_ddpm_v3_0129.nii.gz,0.8232421875,0.510878044552522,16886,0.018121136675824177,0.9661591053009033,False
conditional_ddpm_v3,0130,conditional_ddpm_v3_0130.nii.gz,0.8662109375,0.848083202321962,22802,0.02446986607142857,0.9753223657608032,False
conditional_ddpm_v3,0131,conditional_ddpm_v3_0131.nii.gz,0.84765625,0.8053932584270634,11429,0.012264981112637362,0.974669337272644,False
conditional_ddpm_v3,0132,conditional_ddpm_v3_0132.nii.gz,0.85205078125,0.8391932406650862,15824,0.016981456043956043,0.9747376441955566,False
conditional_ddpm_v3,0133,conditional_ddpm_v3_0133.nii.gz,0.8798828125,0.17640783357495374,23740,0.025476476648351648,0.961034893989563,False
conditional_ddpm_v3,0134,conditional_ddpm_v3_0134.nii.gz,0.7919921875,0.29625531914923564,19881,0.02133520776098901,0.9628537893295288,False
conditional_ddpm_v3,0135,conditional_ddpm_v3_0135.nii.gz,0.79638671875,0.6182292465861452,8845,0.00949197287087912,0.9702591896057129,False
conditional_ddpm_v3,0136,conditional_ddpm_v3_0136.nii.gz,0.88720703125,0.8935562805873069,18593,0.019952996222527473,0.9816750884056091,False
conditional_ddpm_v3,0137,conditional_ddpm_v3_0137.nii.gz,0.7509765625,0.37515051509638536,18047,0.01936705872252747,0.966536819934845,False
conditional_ddpm_v3,0138,conditional_ddpm_v3_0138.nii.gz,0.86474609375,0.5628095452500514,18889,0.02027064732142857,0.9776610136032104,False
conditional_ddpm_v3,0139,conditional_ddpm_v3_0139.nii.gz,0.91943359375,0.937085304025337,14761,0.015840702266483517,0.987950325012207,False
conditional_ddpm_v3,0140,conditional_ddpm_v3_0140.nii.gz,0.873046875,0.947141578012847,32901,0.03530756353021978,0.981528639793396,False
conditional_ddpm_v3,0141,conditional_ddpm_v3_0141.nii.gz,0.82666015625,0.8530329220560185,28350,0.030423677884615384,0.9776848554611206,False
conditional_ddpm_v3,0142,conditional_ddpm_v3_0142.nii.gz,0.89501953125,0.92021652153451,13315,0.014288933722527472,0.9845089316368103,False
conditional_ddpm_v3,0143,conditional_ddpm_v3_0143.nii.gz,0.8994140625,0.9243535314550528,23831,0.02557413289835165,0.9873238205909729,False
conditional_ddpm_v3,0144,conditional_ddpm_v3_0144.nii.gz,0.82275390625,0.07293840152450651,21114,0.02265839629120879,0.9684863686561584,False
conditional_ddpm_v3,0145,conditional_ddpm_v3_0145.nii.gz,0.796875,0.3437951682844601,15949,0.017115599244505494,0.9601877927780151,False
conditional_ddpm_v3,0146,conditional_ddpm_v3_0146.nii.gz,0.87646484375,0.9228557738380626,22808,0.024476304945054945,0.9832746386528015,False
conditional_ddpm_v3,0147,conditional_ddpm_v3_0147.nii.gz,0.85546875,0.22071555231082676,17002,0.018245621565934067,0.9727842211723328,False
conditional_ddpm_v3,0148,conditional_ddpm_v3_0148.nii.gz,0.859375,0.8365861726761881,23930,0.025680374313186812,0.9745112061500549,False
conditional_ddpm_v3,0149,conditional_ddpm_v3_0149.nii.gz,0.89990234375,0.8703415140891214,16679,0.017898995535714286,0.9765087366104126,False
conditional_ddpm_v3,0150,conditional_ddpm_v3_0150.nii.gz,0.7783203125,0.358656447250136,14493,0.015553099244505495,0.9681602120399475,False
conditional_ddpm_v3,0151,conditional_ddpm_v3_0151.nii.gz,0.8095703125,0.4848764719466309,18983,0.020371523008241757,0.9731762409210205,False
conditional_ddpm_v3,0152,conditional_ddpm_v3_0152.nii.gz,0.8837890625,0.8815650115257986,17289,0.018553614354395603,0.9766345620155334,False
conditional_ddpm_v3,0153,conditional_ddpm_v3_0153.nii.gz,0.86865234375,0.945931205687107,27355,0.02935589800824176,0.9876607060432434,False
conditional_ddpm_v3,0154,conditional_ddpm_v3_0154.nii.gz,0.6982421875,0.1231300966684003,17349,0.018618003090659342,0.9623650908470154,False
conditional_ddpm_v3,0155,conditional_ddpm_v3_0155.nii.gz,0.86572265625,0.8604651162791066,20446,0.021941535027472526,0.9716734886169434,False
conditional_ddpm_v3,0156,conditional_ddpm_v3_0156.nii.gz,0.892578125,0.9495771268034446,17074,0.01832288804945055,0.9886749982833862,False
conditional_ddpm_v3,0157,conditional_ddpm_v3_0157.nii.gz,0.78271484375,0.0730512249451465,10809,0.011599630837912088,0.9637163877487183,False
conditional_ddpm_v3,0158,conditional_ddpm_v3_0158.nii.gz,0.85888671875,0.8587485693787501,32155,0.034506996909340656,0.9785404801368713,False
conditional_ddpm_v3,0159,conditional_ddpm_v3_0159.nii.gz,0.83837890625,0.3748656808067467,15098,0.016202352335164837,0.965340256690979,False
conditional_ddpm_v3,0160,conditional_ddpm_v3_0160.nii.gz,0.8486328125,0.8231275920956947,16596,0.01780992445054945,0.9714207649230957,False
conditional_ddpm_v3,0161,conditional_ddpm_v3_0161.nii.gz,0.876953125,0.9391089407367307,33678,0.036141397664835165,0.9826287031173706,False
conditional_ddpm_v3,0162,conditional_ddpm_v3_0162.nii.gz,0.83447265625,0.7804513844447757,27664,0.0296875,0.9683539271354675,False
conditional_ddpm_v3,0163,conditional_ddpm_v3_0163.nii.gz,0.90185546875,0.87582640221799,20359,0.02184817135989011,0.9783245921134949,False
conditional_ddpm_v3,0164,conditional_ddpm_v3_0164.nii.gz,0.85400390625,0.7932642487047119,25299,0.027149510645604395,0.9733633399009705,False
conditional_ddpm_v3,0165,conditional_ddpm_v3_0165.nii.gz,0.88671875,0.8967772069127266,8004,0.008589457417582418,0.9712526798248291,False
conditional_ddpm_v3,0166,conditional_ddpm_v3_0166.nii.gz,0.79736328125,0.4637194302610429,11414,0.012248883928571428,0.9598135948181152,False
conditional_ddpm_v3,0167,conditional_ddpm_v3_0167.nii.gz,0.8486328125,0.709715922654687,15372,0.01649639423076923,0.971805214881897,False
conditional_ddpm_v3,0168,conditional_ddpm_v3_0168.nii.gz,0.81494140625,0.5557413600893926,15207,0.016319325206043955,0.9689532518386841,False
conditional_ddpm_v3,0169,conditional_ddpm_v3_0169.nii.gz,0.85205078125,0.7752771246221867,16114,0.01729266826923077,0.9634057283401489,False
conditional_ddpm_v3,0170,conditional_ddpm_v3_0170.nii.gz,0.90771484375,0.681863230921826,16426,0.017627489697802198,0.9777607917785645,False
conditional_ddpm_v3,0171,conditional_ddpm_v3_0171.nii.gz,0.8603515625,0.7354169586545942,21911,0.02351369333791209,0.9737892150878906,False
conditional_ddpm_v3,0172,conditional_ddpm_v3_0172.nii.gz,0.896484375,0.7941703864790377,15672,0.01681833791208791,0.9798300266265869,False
conditional_ddpm_v3,0173,conditional_ddpm_v3_0173.nii.gz,0.85595703125,0.08388256441028365,18788,0.020162259615384617,0.9645880460739136,False
conditional_ddpm_v3,0174,conditional_ddpm_v3_0174.nii.gz,0.828125,0.636846743397432,24959,0.02678464114010989,0.9702929854393005,False
conditional_ddpm_v3,0175,conditional_ddpm_v3_0175.nii.gz,0.8896484375,0.9105074113421585,20881,0.022408353365384614,0.9837114810943604,False
conditional_ddpm_v3,0176,conditional_ddpm_v3_0176.nii.gz,0.89013671875,0.7295477186691653,15615,0.016757168612637364,0.9777078628540039,False
conditional_ddpm_v3,0177,conditional_ddpm_v3_0177.nii.gz,0.8671875,0.5423926043250663,22109,0.02372617616758242,0.970109224319458,False
conditional_ddpm_v3,0178,conditional_ddpm_v3_0178.nii.gz,0.84130859375,0.33964458804566094,12621,0.013544170673076924,0.960210919380188,False
conditional_ddpm_v3,0179,conditional_ddpm_v3_0179.nii.gz,0.84423828125,0.49312058092896377,15462,0.016592977335164835,0.9653828144073486,False
conditional_ddpm_v3,0180,conditional_ddpm_v3_0180.nii.gz,0.861328125,0.6656810982049359,27956,0.030000858516483517,0.972502589225769,False
conditional_ddpm_v3,0181,conditional_ddpm_v3_0181.nii.gz,0.8505859375,0.9096999603789541,14262,0.01530520260989011,0.9824845790863037,False
conditional_ddpm_v3,0182,conditional_ddpm_v3_0182.nii.gz,0.8134765625,0.7915034118424408,27124,0.029108001373626374,0.9779473543167114,False
conditional_ddpm_v3,0183,conditional_ddpm_v3_0183.nii.gz,0.8837890625,0.33394287155600355,13026,0.013978794642857144,0.9648922085762024,False
conditional_ddpm_v3,0184,conditional_ddpm_v3_0184.nii.gz,0.83251953125,0.6623196996641934,22846,0.024517084478021978,0.9711995720863342,False
conditional_ddpm_v3,0185,conditional_ddpm_v3_0185.nii.gz,0.85498046875,0.9027380600204112,16204,0.017389251373626374,0.9818310141563416,False
conditional_ddpm_v3,0186,conditional_ddpm_v3_0186.nii.gz,0.8779296875,0.8673575501130034,14912,0.01600274725274725,0.9752672910690308,False
conditional_ddpm_v3,0187,conditional_ddpm_v3_0187.nii.gz,0.873046875,0.7518899967131172,22105,0.023721883585164836,0.9759413599967957,False
conditional_ddpm_v3,0188,conditional_ddpm_v3_0188.nii.gz,0.77294921875,0.21884376875414138,17702,0.018996823489010987,0.9676249027252197,False
conditional_ddpm_v3,0189,conditional_ddpm_v3_0189.nii.gz,0.78466796875,0.7846873070478149,13597,0.014591560782967033,0.9736028909683228,False
conditional_ddpm_v3,0190,conditional_ddpm_v3_0190.nii.gz,0.8828125,0.752744724212822,18647,0.020010946085164835,0.9743074178695679,False
conditional_ddpm_v3,0191,conditional_ddpm_v3_0191.nii.gz,0.84228515625,0.6811019242891695,17218,0.018477421016483517,0.9708229303359985,False
conditional_ddpm_v3,0192,conditional_ddpm_v3_0192.nii.gz,0.8388671875,0.47544422019095517,18923,0.02030713427197802,0.9711817502975464,False
conditional_ddpm_v3,0193,conditional_ddpm_v3_0193.nii.gz,0.88134765625,0.9060301507538161,10466,0.011231541895604396,0.9819994568824768,False
conditional_ddpm_v3,0194,conditional_ddpm_v3_0194.nii.gz,0.86865234375,0.8029914967729725,10678,0.011459048763736263,0.964649498462677,False
conditional_ddpm_v3,0195,conditional_ddpm_v3_0195.nii.gz,0.84228515625,0.8739367294275667,11460,0.012298248626373626,0.9763572812080383,False
conditional_ddpm_v3,0196,conditional_ddpm_v3_0196.nii.gz,0.87109375,0.7921355063469379,14796,0.015878262362637362,0.9774575233459473,False
conditional_ddpm_v3,0197,conditional_ddpm_v3_0197.nii.gz,0.88427734375,0.794629122669849,22328,0.023961195054945057,0.9742318391799927,False
conditional_ddpm_v3,0198,conditional_ddpm_v3_0198.nii.gz,0.908203125,0.9255356299172315,24870,0.02668913118131868,0.9806743264198303,False
conditional_ddpm_v3,0199,conditional_ddpm_v3_0199.nii.gz,0.7880859375,0.14376046587209923,36674,0.0393565418956044,0.970391035079956,False
conditional_ldm_v4,0000,conditional_ldm_v4_0000.nii.gz,0.88330078125,0.8380536725787733,11885,0.012754335508241758,0.9784645438194275,False
conditional_ldm_v4,0001,conditional_ldm_v4_0001.nii.gz,0.8828125,0.8477712845193516,18966,0.020353279532967034,0.9804741144180298,False
conditional_ldm_v4,0002,conditional_ldm_v4_0002.nii.gz,0.89404296875,0.8711477940740244,18028,0.019346668956043957,0.9800444841384888,False
conditional_ldm_v4,0003,conditional_ldm_v4_0003.nii.gz,0.89306640625,0.8977360745347339,23250,0.024950635302197804,0.9833071231842041,False
conditional_ldm_v4,0004,conditional_ldm_v4_0004.nii.gz,0.8740234375,0.7502834553979866,19287,0.020697759271978023,0.9676063060760498,False
conditional_ldm_v4,0005,conditional_ldm_v4_0005.nii.gz,0.89453125,0.9205312007282196,31186,0.03346711881868132,0.9839019179344177,False
conditional_ldm_v4,0006,conditional_ldm_v4_0006.nii.gz,0.76806640625,0.4739779755621894,14935,0.016027429601648352,0.9633464813232422,False
conditional_ldm_v4,0007,conditional_ldm_v4_0007.nii.gz,0.90625,0.8516149095917518,22853,0.02452459649725275,0.9752817153930664,False
conditional_ldm_v4,0008,conditional_ldm_v4_0008.nii.gz,0.841796875,0.161181225769545,21899,0.023500815590659342,0.9662204384803772,False
conditional_ldm_v4,0009,conditional_ldm_v4_0009.nii.gz,0.88037109375,0.20588995091733212,26911,0.02887942135989011,0.972253143787384,False
conditional_ldm_v4,0010,conditional_ldm_v4_0010.nii.gz,0.875,0.6358478464652249,13390,0.014369419642857142,0.9647958874702454,False
conditional_ldm_v4,0011,conditional_ldm_v4_0011.nii.gz,0.880859375,0.8740532207253341,7549,0.008101176167582418,0.9815575480461121,False
conditional_ldm_v4,0012,conditional_ldm_v4_0012.nii.gz,0.90283203125,0.8013203711531507,27760,0.02979052197802198,0.9805707931518555,False
conditional_ldm_v4,0013,conditional_ldm_v4_0013.nii.gz,0.8828125,0.7865448107565466,22574,0.024225188873626374,0.9714153409004211,False
conditional_ldm_v4,0014,conditional_ldm_v4_0014.nii.gz,0.751953125,0.15768325791885693,25052,0.026884443681318683,0.9541827440261841,False
conditional_ldm_v4,0015,conditional_ldm_v4_0015.nii.gz,0.91015625,0.7596631527929967,19620,0.02105511675824176,0.9796069860458374,False
conditional_ldm_v4,0016,conditional_ldm_v4_0016.nii.gz,0.87353515625,0.34311919092685456,20070,0.02153803228021978,0.966677188873291,False
conditional_ldm_v4,0017,conditional_ldm_v4_0017.nii.gz,0.87060546875,0.8024346109558306,13499,0.014486392513736264,0.9750335812568665,False
conditional_ldm_v4,0018,conditional_ldm_v4_0018.nii.gz,0.755859375,0.5163393230258952,8553,0.009178614354395605,0.9607229828834534,False
conditional_ldm_v4,0019,conditional_ldm_v4_0019.nii.gz,0.82470703125,0.7186132775347825,26127,0.028038075206043955,0.9711154103279114,False
conditional_ldm_v4,0020,conditional_ldm_v4_0020.nii.gz,0.91943359375,0.9100637794711535,21587,0.02316599416208791,0.9819430708885193,False
conditional_ldm_v4,0021,conditional_ldm_v4_0021.nii.gz,0.912109375,0.9037276320823293,12066,0.012948574862637363,0.9849980473518372,False
conditional_ldm_v4,0022,conditional_ldm_v4_0022.nii.gz,0.849609375,0.39283932827168827,14409,0.015462955013736264,0.9626510143280029,False
conditional_ldm_v4,0023,conditional_ldm_v4_0023.nii.gz,0.86865234375,0.39415076897269163,9214,0.009887963598901098,0.9682037234306335,False
conditional_ldm_v4,0024,conditional_ldm_v4_0024.nii.gz,0.86865234375,0.5655310621244661,13381,0.014359761332417582,0.9710283279418945,False
conditional_ldm_v4,0025,conditional_ldm_v4_0025.nii.gz,0.8984375,0.8820778303968345,17100,0.018350789835164836,0.9815599918365479,False
conditional_ldm_v4,0026,conditional_ldm_v4_0026.nii.gz,0.849609375,0.7074572864322785,15019,0.016117573832417582,0.9717311859130859,False
conditional_ldm_v4,0027,conditional_ldm_v4_0027.nii.gz,0.876953125,0.5325382083619994,21053,0.02259293440934066,0.9718414545059204,False
conditional_ldm_v4,0028,conditional_ldm_v4_0028.nii.gz,0.869140625,0.6709183673470437,19677,0.021116286057692307,0.9674974679946899,False
conditional_ldm_v4,0029,conditional_ldm_v4_0029.nii.gz,0.88720703125,0.8667955718930228,25172,0.027013221153846155,0.9802767038345337,False
conditional_ldm_v4,0030,conditional_ldm_v4_0030.nii.gz,0.82470703125,0.5543307086616981,10288,0.011040521978021979,0.9722435474395752,False
conditional_ldm_v4,0031,conditional_ldm_v4_0031.nii.gz,0.86376953125,0.5205752136460443,19669,0.021107700892857142,0.9659900665283203,False
conditional_ldm_v4,0032,conditional_ldm_v4_0032.nii.gz,0.859375,0.24184112556242235,17945,0.01925759787087912,0.9678055047988892,False
conditional_ldm_v4,0033,conditional_ldm_v4_0033.nii.gz,0.89013671875,0.6797483391263673,12863,0.013803871909340659,0.9804018139839172,False
conditional_ldm_v4,0034,conditional_ldm_v4_0034.nii.gz,0.7275390625,0.45591594335375063,6211,0.006665307348901099,0.9499566555023193,False
conditional_ldm_v4,0035,conditional_ldm_v4_0035.nii.gz,0.90380859375,0.8236339404709672,14404,0.015457589285714286,0.9758235216140747,False
conditional_ldm_v4,0036,conditional_ldm_v4_0036.nii.gz,0.90283203125,0.8532993799823259,19228,0.02063444368131868,0.973278820514679,False
conditional_ldm_v4,0037,conditional_ldm_v4_0037.nii.gz,0.888671875,0.48466059549216256,11267,0.012091131524725275,0.9633896350860596,False
conditional_ldm_v4,0038,conditional_ldm_v4_0038.nii.gz,0.9111328125,0.9142391894337046,27971,0.03001695570054945,0.9859171509742737,False
conditional_ldm_v4,0039,conditional_ldm_v4_0039.nii.gz,0.7421875,0.3645191122076414,10300,0.011053399725274726,0.9613986611366272,False
conditional_ldm_v4,0040,conditional_ldm_v4_0040.nii.gz,0.85595703125,0.25138081744428636,17904,0.019213598901098902,0.9689562916755676,False
conditional_ldm_v4,0041,conditional_ldm_v4_0041.nii.gz,0.89892578125,0.2674562306903875,16652,0.017870020604395603,0.9677760004997253,False
conditional_ldm_v4,0042,conditional_ldm_v4_0042.nii.gz,0.8896484375,0.7036266023886799,11274,0.012098643543956044,0.9737532138824463,False
conditional_ldm_v4,0043,conditional_ldm_v4_0043.nii.gz,0.89013671875,0.8602037728235932,26630,0.028577867445054944,0.9824997782707214,False
conditional_ldm_v4,0044,conditional_ldm_v4_0044.nii.gz,0.8525390625,0.19241192411960595,19386,0.020804000686813186,0.9652751684188843,False
conditional_ldm_v4,0045,conditional_ldm_v4_0045.nii.gz,0.80322265625,0.7510340660873955,12713,0.013642900068681319,0.9697398543357849,False
conditional_ldm_v4,0046,conditional_ldm_v4_0046.nii.gz,0.8681640625,0.6094328358211287,11109,0.011921574519230769,0.9723747968673706,False
conditional_ldm_v4,0047,conditional_ldm_v4_0047.nii.gz,0.88037109375,0.8151666334065795,14208,0.015247252747252747,0.9742782115936279,False
conditional_ldm_v4,0048,conditional_ldm_v4_0048.nii.gz,0.86376953125,5.589402492870388e-13,16746,0.01797089629120879,0.9641657471656799,False
conditional_ldm_v4,0049,conditional_ldm_v4_0049.nii.gz,0.892578125,0.7452264722240961,9667,0.010374098557692307,0.9685906171798706,False
conditional_ldm_v4,0050,conditional_ldm_v4_0050.nii.gz,0.89404296875,0.8812201443780645,24191,0.025960465315934066,0.9807148575782776,False
conditional_ldm_v4,0051,conditional_ldm_v4_0051.nii.gz,0.8818359375,0.6686214043781059,12215,0.013108473557692308,0.9712355136871338,False
conditional_ldm_v4,0052,conditional_ldm_v4_0052.nii.gz,0.9111328125,0.8825206829783903,14951,0.01604459993131868,0.9812402725219727,False
conditional_ldm_v4,0053,conditional_ldm_v4_0053.nii.gz,0.8154296875,0.35521001615541437,15969,0.017137062156593406,0.9687764048576355,False
conditional_ldm_v4,0054,conditional_ldm_v4_0054.nii.gz,0.8984375,0.870315303138318,20505,0.022004850618131868,0.9811080694198608,False
conditional_ldm_v4,0055,conditional_ldm_v4_0055.nii.gz,0.8447265625,0.2423385728829343,14830,0.015914749313186812,0.9659918546676636,False
conditional_ldm_v4,0056,conditional_ldm_v4_0056.nii.gz,0.87939453125,0.7651937721299097,12232,0.013126717032967033,0.9716745615005493,False
conditional_ldm_v4,0057,conditional_ldm_v4_0057.nii.gz,0.87158203125,0.8895779423574798,23404,0.025115899725274726,0.9800686240196228,False
conditional_ldm_v4,0058,conditional_ldm_v4_0058.nii.gz,0.8623046875,0.08787902778949577,11941,0.012814431662087912,0.9658267498016357,False
conditional_ldm_v4,0059,conditional_ldm_v4_0059.nii.gz,0.8408203125,0.5307256819353934,13652,0.014650583791208791,0.9703096747398376,False
conditional_ldm_v4,0060,conditional_ldm_v4_0060.nii.gz,0.90087890625,0.8284892614575398,26590,0.02853494162087912,0.9749060273170471,False
conditional_ldm_v4,0061,conditional_ldm_v4_0061.nii.gz,0.8837890625,0.734225983705004,19131,0.02053034855769231,0.9757561683654785,False
conditional_ldm_v4,0062,conditional_ldm_v4_0062.nii.gz,0.87890625,0.8763609115352949,12092,0.012976476648351649,0.9825577139854431,False
conditional_ldm_v4,0063,conditional_ldm_v4_0063.nii.gz,0.88232421875,0.8594213210008719,18028,0.019346668956043957,0.981166422367096,False
conditional_ldm_v4,0064,conditional_ldm_v4_0064.nii.gz,0.88720703125,0.868359411599404,17047,0.018293913118131867,0.9811903238296509,False
conditional_ldm_v4,0065,conditional_ldm_v4_0065.nii.gz,0.89208984375,0.8813483783400763,25901,0.02779554429945055,0.9804220199584961,False
conditional_ldm_v4,0066,conditional_ldm_v4_0066.nii.gz,0.822265625,0.5703929056898277,21566,0.023143458104395605,0.9742660522460938,False
conditional_ldm_v4,0067,conditional_ldm_v4_0067.nii.gz,0.8837890625,0.8305738953784078,21164,0.02271205357142857,0.9786607027053833,False
conditional_ldm_v4,0068,conditional_ldm_v4_0068.nii.gz,0.84716796875,7.832693663344691e-13,11908,0.012779017857142857,0.9671291708946228,False
conditional_ldm_v4,0069,conditional_ldm_v4_0069.nii.gz,0.92529296875,0.8619440728293595,16582,0.01779490041208791,0.982147753238678,False
conditional_ldm_v4,0070,conditional_ldm_v4_0070.nii.gz,0.8828125,0.8770385594924541,22871,0.02454391311813187,0.9782936573028564,False
conditional_ldm_v4,0071,conditional_ldm_v4_0071.nii.gz,0.91357421875,0.8934888579387372,29324,0.0314689217032967,0.9841110706329346,False
conditional_ldm_v4,0072,conditional_ldm_v4_0072.nii.gz,0.92236328125,0.9083892192838453,15933,0.017098428914835165,0.9886412620544434,False
conditional_ldm_v4,0073,conditional_ldm_v4_0073.nii.gz,0.9052734375,0.8233153223774957,18642,0.020005580357142855,0.9712870121002197,False
conditional_ldm_v4,0074,conditional_ldm_v4_0074.nii.gz,0.88330078125,0.8555068294182131,19276,0.02068595467032967,0.9815569519996643,False
conditional_ldm_v4,0075,conditional_ldm_v4_0075.nii.gz,0.84130859375,0.714647012067449,17000,0.018243475274725276,0.9715306758880615,False
conditional_ldm_v4,0076,conditional_ldm_v4_0076.nii.gz,0.86279296875,0.7817931034483762,12790,0.01372553228021978,0.9741421937942505,False
conditional_ldm_v4,0077,conditional_ldm_v4_0077.nii.gz,0.88330078125,0.6968252592657663,21126,0.022671274038461538,0.9698625802993774,False
conditional_ldm_v4,0078,conditional_ldm_v4_0078.nii.gz,0.85888671875,0.7861488718145583,16441,0.017643586881868133,0.9777435660362244,False
conditional_ldm_v4,0079,conditional_ldm_v4_0079.nii.gz,0.89501953125,0.8731044702395967,22053,0.023666080013736265,0.9817226529121399,False
conditional_ldm_v4,0080,conditional_ldm_v4_0080.nii.gz,0.84716796875,0.2623128074826932,15941,0.01710701407967033,0.9643133282661438,False
conditional_ldm_v4,0081,conditional_ldm_v4_0081.nii.gz,0.8935546875,0.6973509933776266,13285,0.014256739354395604,0.9767922163009644,False
conditional_ldm_v4,0082,conditional_ldm_v4_0082.nii.gz,0.84423828125,0.7729101310205673,15797,0.016952481112637363,0.9773064255714417,False
conditional_ldm_v4,0083,conditional_ldm_v4_0083.nii.gz,0.91845703125,0.7830970640639154,15225,0.016338641826923076,0.9800645709037781,False
conditional_ldm_v4,0084,conditional_ldm_v4_0084.nii.gz,0.90234375,0.8383307868602758,11315,0.012142642513736264,0.9799274206161499,False
conditional_ldm_v4,0085,conditional_ldm_v4_0085.nii.gz,0.91943359375,0.881171181923109,12694,0.013622510302197802,0.9818735122680664,False
conditional_ldm_v4,0086,conditional_ldm_v4_0086.nii.gz,0.84326171875,0.7987856982235667,25912,0.0278073489010989,0.9730359315872192,False
conditional_ldm_v4,0087,conditional_ldm_v4_0087.nii.gz,0.9072265625,0.8950176957072057,27503,0.02951472355769231,0.9797631502151489,False
conditional_ldm_v4,0088,conditional_ldm_v4_0088.nii.gz,0.8125,0.8347805400262669,8512,0.009134615384615385,0.9673225283622742,False
conditional_ldm_v4,0089,conditional_ldm_v4_0089.nii.gz,0.9091796875,0.9208147901268608,26308,0.02823231456043956,0.9852214455604553,False
conditional_ldm_v4,0090,conditional_ldm_v4_0090.nii.gz,0.8466796875,0.8207209357842503,18333,0.019673978365384617,0.9712885618209839,False
conditional_ldm_v4,0091,conditional_ldm_v4_0091.nii.gz,0.90966796875,0.8882691182040807,15146,0.016253863324175825,0.9837296009063721,False
conditional_ldm_v4,0092,conditional_ldm_v4_0092.nii.gz,0.892578125,0.7541011522961475,20852,0.022377232142857143,0.9795939922332764,False
conditional_ldm_v4,0093,conditional_ldm_v4_0093.nii.gz,0.8564453125,0.7111950803883414,15986,0.017155305631868133,0.9715536832809448,False
conditional_ldm_v4,0094,conditional_ldm_v4_0094.nii.gz,0.8857421875,0.839873812660362,28605,0.030697330013736264,0.975412130355835,False
conditional_ldm_v4,0095,conditional_ldm_v4_0095.nii.gz,0.908203125,0.8041769835289755,14822,0.015906164148351647,0.977112889289856,False
conditional_ldm_v4,0096,conditional_ldm_v4_0096.nii.gz,0.87841796875,0.42406218317037914,11435,0.012271419986263736,0.9699138402938843,False
conditional_ldm_v4,0097,conditional_ldm_v4_0097.nii.gz,0.9140625,0.8872972834706381,20352,0.02184065934065934,0.9822986721992493,False
conditional_ldm_v4,0098,conditional_ldm_v4_0098.nii.gz,0.81396484375,0.3649406647081448,20724,0.022239869505494506,0.9724286198616028,False
conditional_ldm_v4,0099,conditional_ldm_v4_0099.nii.gz,0.88427734375,0.8210179199028461,25882,0.02777515453296703,0.9791184067726135,False
conditional_ldm_v4,0100,conditional_ldm_v4_0100.nii.gz,0.7861328125,0.5999054373524351,13514,0.014502489697802198,0.9650683403015137,False
conditional_ldm_v4,0101,conditional_ldm_v4_0101.nii.gz,0.7958984375,0.2972258173432574,13882,0.014897407280219781,0.964994490146637,False
conditional_ldm_v4,0102,conditional_ldm_v4_0102.nii.gz,0.87255859375,0.6372205343930535,8424,0.009040178571428572,0.9677312970161438,False
conditional_ldm_v4,0103,conditional_ldm_v4_0103.nii.gz,0.9072265625,0.9110785780210828,30994,0.033261074862637366,0.979695200920105,False
conditional_ldm_v4,0104,conditional_ldm_v4_0104.nii.gz,0.7392578125,0.12950350409676759,18719,0.02008821256868132,0.9573415517807007,False
conditional_ldm_v4,0105,conditional_ldm_v4_0105.nii.gz,0.88818359375,0.8044472252972977,11164,0.011980597527472528,0.9779012203216553,False
conditional_ldm_v4,0106,conditional_ldm_v4_0106.nii.gz,0.89404296875,0.8882292922734959,10922,0.011720896291208791,0.9833793044090271,False
conditional_ldm_v4,0107,conditional_ldm_v4_0107.nii.gz,0.91357421875,0.8066805845512216,14801,0.01588362809065934,0.9778140783309937,False
conditional_ldm_v4,0108,conditional_ldm_v4_0108.nii.gz,0.74609375,0.10654322924874213,23869,0.025614912431318682,0.9612569808959961,False
conditional_ldm_v4,0109,conditional_ldm_v4_0109.nii.gz,0.87060546875,0.5283344106875552,15912,0.017075892857142855,0.97599858045578,False
conditional_ldm_v4,0110,conditional_ldm_v4_0110.nii.gz,0.896484375,0.8826437506221565,16055,0.017229352678571428,0.982689380645752,False
conditional_ldm_v4,0111,conditional_ldm_v4_0111.nii.gz,0.90966796875,0.8995548453373093,26767,0.028724888392857143,0.982533872127533,False
conditional_ldm_v4,0112,conditional_ldm_v4_0112.nii.gz,0.81591796875,0.1844769403833695,7864,0.008439217032967032,0.9630956649780273,False
conditional_ldm_v4,0113,conditional_ldm_v4_0113.nii.gz,0.9033203125,0.8421606888435105,17751,0.019049407623626374,0.9810164570808411,False
conditional_ldm_v4,0114,conditional_ldm_v4_0114.nii.gz,0.88232421875,0.7205450487490379,25156,0.026996050824175825,0.9722164869308472,False
conditional_ldm_v4,0115,conditional_ldm_v4_0115.nii.gz,0.8486328125,0.7290339357691689,18115,0.019440032623626372,0.9658371806144714,False
conditional_ldm_v4,0116,conditional_ldm_v4_0116.nii.gz,0.8935546875,0.5423044052524727,8932,0.009585336538461539,0.9614154100418091,False
conditional_ldm_v4,0117,conditional_ldm_v4_0117.nii.gz,0.90380859375,0.8345299622852816,19572,0.02100360576923077,0.9778531193733215,False
conditional_ldm_v4,0118,conditional_ldm_v4_0118.nii.gz,0.85302734375,0.3142450952520249,14544,0.01560782967032967,0.9587881565093994,False
conditional_ldm_v4,0119,conditional_ldm_v4_0119.nii.gz,0.90869140625,0.8664278403275821,14569,0.015634658310439562,0.9830487966537476,False
conditional_ldm_v4,0120,conditional_ldm_v4_0120.nii.gz,0.78515625,0.7524603522849919,9283,0.009962010645604395,0.9678724408149719,False
conditional_ldm_v4,0121,conditional_ldm_v4_0121.nii.gz,0.90087890625,0.913435706941741,30245,0.032457288804945056,0.9842672944068909,False
conditional_ldm_v4,0122,conditional_ldm_v4_0122.nii.gz,0.8408203125,0.4193058446310292,13865,0.014879163804945054,0.9638491272926331,False
conditional_ldm_v4,0123,conditional_ldm_v4_0123.nii.gz,0.88720703125,0.9101813392766872,24952,0.02677712912087912,0.9838010668754578,False
conditional_ldm_v4,0124,conditional_ldm_v4_0124.nii.gz,0.88525390625,0.5998835177636781,18833,0.020210551167582417,0.9778165221214294,False
conditional_ldm_v4,0125,conditional_ldm_v4_0125.nii.gz,0.91455078125,0.8718092204382352,23846,0.02559023008241758,0.9808790683746338,False
conditional_ldm_v4,0126,conditional_ldm_v4_0126.nii.gz,0.86767578125,0.783089057061729,17596,0.018883070054945054,0.9724775552749634,False
conditional_ldm_v4,0127,conditional_ldm_v4_0127.nii.gz,0.9111328125,0.7103338249903043,20144,0.021617445054945054,0.9754570126533508,False
conditional_ldm_v4,0128,conditional_ldm_v4_0128.nii.gz,0.83251953125,0.5883611467695826,12431,0.013340273008241758,0.9631358981132507,False
conditional_ldm_v4,0129,conditional_ldm_v4_0129.nii.gz,0.8408203125,0.4302221498903775,18390,0.019735147664835164,0.9612996578216553,False
conditional_ldm_v4,0130,conditional_ldm_v4_0130.nii.gz,0.89404296875,0.8906868124856715,20638,0.022147578983516485,0.9800873398780823,False
conditional_ldm_v4,0131,conditional_ldm_v4_0131.nii.gz,0.87255859375,0.5726727584239104,19420,0.020840487637362636,0.9717863202095032,False
conditional_ldm_v4,0132,conditional_ldm_v4_0132.nii.gz,0.8720703125,0.8172049991885028,17277,0.018540736607142855,0.9738007187843323,False
conditional_ldm_v4,0133,conditional_ldm_v4_0133.nii.gz,0.82666015625,0.4925855725281607,6463,0.006935740041208791,0.9675865173339844,False
conditional_ldm_v4,0134,conditional_ldm_v4_0134.nii.gz,0.84033203125,0.2577595226104321,22188,0.02381095467032967,0.9658260941505432,False
conditional_ldm_v4,0135,conditional_ldm_v4_0135.nii.gz,0.8349609375,0.5416807062473605,10650,0.011429000686813186,0.972581684589386,False
conditional_ldm_v4,0136,conditional_ldm_v4_0136.nii.gz,0.90087890625,0.890094814182528,17066,0.018314302884615385,0.9863786101341248,False
conditional_ldm_v4,0137,conditional_ldm_v4_0137.nii.gz,0.83544921875,0.24481449021350835,26431,0.02836431146978022,0.9645180702209473,False
conditional_ldm_v4,0138,conditional_ldm_v4_0138.nii.gz,0.89501953125,0.5374962653123927,19013,0.020403717376373625,0.9727392792701721,False
conditional_ldm_v4,0139,conditional_ldm_v4_0139.nii.gz,0.8955078125,0.7779297765618509,20460,0.021956559065934064,0.9792905449867249,False
conditional_ldm_v4,0140,conditional_ldm_v4_0140.nii.gz,0.8916015625,0.9266399939609079,33243,0.03567457932692308,0.9837161302566528,False
conditional_ldm_v4,0141,conditional_ldm_v4_0141.nii.gz,0.908203125,0.9286077741643042,23220,0.024918440934065936,0.9877963066101074,False
conditional_ldm_v4,0142,conditional_ldm_v4_0142.nii.gz,0.8916015625,0.8343845737971403,15566,0.016704584478021978,0.9741408824920654,False
conditional_ldm_v4,0143,conditional_ldm_v4_0143.nii.gz,0.90185546875,0.8971784250363493,23302,0.025006438873626375,0.9841632843017578,False
conditional_ldm_v4,0144,conditional_ldm_v4_0144.nii.gz,0.72119140625,0.09667673716070149,14625,0.015694754464285716,0.9542609453201294,False
conditional_ldm_v4,0145,conditional_ldm_v4_0145.nii.gz,0.82177734375,0.32806891600901644,13293,0.014265324519230769,0.9697032570838928,False
conditional_ldm_v4,0146,conditional_ldm_v4_0146.nii.gz,0.896484375,0.8825901384205714,21388,0.02295243818681319,0.9788135290145874,False
conditional_ldm_v4,0147,conditional_ldm_v4_0147.nii.gz,0.84228515625,0.13680449208811463,25254,0.027101219093406594,0.9637640714645386,False
conditional_ldm_v4,0148,conditional_ldm_v4_0148.nii.gz,0.88232421875,0.8809283812773304,20299,0.021783782623626374,0.9793386459350586,False
conditional_ldm_v4,0149,conditional_ldm_v4_0149.nii.gz,0.90478515625,0.8858727479417527,14904,0.015994162087912087,0.9829043745994568,False
conditional_ldm_v4,0150,conditional_ldm_v4_0150.nii.gz,0.84375,0.2675181371913343,19768,0.02121394230769231,0.9688076972961426,False
conditional_ldm_v4,0151,conditional_ldm_v4_0151.nii.gz,0.78662109375,0.5796722536068072,14416,0.015470467032967034,0.9654967188835144,False
conditional_ldm_v4,0152,conditional_ldm_v4_0152.nii.gz,0.91162109375,0.8843576306177913,16672,0.017891483516483515,0.9822098612785339,False
conditional_ldm_v4,0153,conditional_ldm_v4_0153.nii.gz,0.8974609375,0.9195027195027351,25662,0.0275390625,0.9830845594406128,False
conditional_ldm_v4,0154,conditional_ldm_v4_0154.nii.gz,0.87548828125,0.06199686737367063,26285,0.02820763221153846,0.9692695736885071,False
conditional_ldm_v4,0155,conditional_ldm_v4_0155.nii.gz,0.8740234375,0.7313140836771406,24945,0.026769617101648352,0.9713485240936279,False
conditional_ldm_v4,0156,conditional_ldm_v4_0156.nii.gz,0.8779296875,0.8817198273446153,18581,0.019940118475274726,0.9807041883468628,False
conditional_ldm_v4,0157,conditional_ldm_v4_0157.nii.gz,0.84375,0.031194775260060547,12599,0.01352056146978022,0.9598409533500671,False
conditional_ldm_v4,0158,conditional_ldm_v4_0158.nii.gz,0.904296875,0.9054511627907152,27364,0.02936555631868132,0.983099639415741,False
conditional_ldm_v4,0159,conditional_ldm_v4_0159.nii.gz,0.84228515625,0.3378403237677806,17299,0.018564345810439562,0.965914785861969,False
conditional_ldm_v4,0160,conditional_ldm_v4_0160.nii.gz,0.89599609375,0.7727226941544597,17686,0.018979653159340658,0.9691960215568542,False
conditional_ldm_v4,0161,conditional_ldm_v4_0161.nii.gz,0.87890625,0.9142883306370511,32852,0.035254979395604395,0.9816076159477234,False
conditional_ldm_v4,0162,conditional_ldm_v4_0162.nii.gz,0.9189453125,0.8392530751371241,21272,0.022827953296703295,0.9769197702407837,False
conditional_ldm_v4,0163,conditional_ldm_v4_0163.nii.gz,0.92236328125,0.8648738288052115,19028,0.02041981456043956,0.9802119135856628,False
conditional_ldm_v4,0164,conditional_ldm_v4_0164.nii.gz,0.90380859375,0.8511131475392564,19941,0.021399596497252746,0.9784093499183655,False
conditional_ldm_v4,0165,conditional_ldm_v4_0165.nii.gz,0.873046875,0.39514974255875607,25840,0.027730082417582416,0.9723791480064392,False
conditional_ldm_v4,0166,conditional_ldm_v4_0166.nii.gz,0.88525390625,0.6354482354094872,6759,0.00725339114010989,0.9638966917991638,False
conditional_ldm_v4,0167,conditional_ldm_v4_0167.nii.gz,0.89892578125,0.6503361344539285,14038,0.015064817994505495,0.9755979180335999,False
conditional_ldm_v4,0168,conditional_ldm_v4_0168.nii.gz,0.890625,0.6850994770693725,10316,0.011070570054945056,0.9724035859107971,False
conditional_ldm_v4,0169,conditional_ldm_v4_0169.nii.gz,0.89697265625,0.8553843389191539,11580,0.012427026098901098,0.9788780212402344,False
conditional_ldm_v4,0170,conditional_ldm_v4_0170.nii.gz,0.86572265625,0.5536590026114407,21594,0.023173506181318682,0.9690271019935608,False
conditional_ldm_v4,0171,conditional_ldm_v4_0171.nii.gz,0.86865234375,0.8689592059414069,14647,0.01571836366758242,0.9807518720626831,False
conditional_ldm_v4,0172,conditional_ldm_v4_0172.nii.gz,0.83544921875,0.7205284938685141,15800,0.016955700549450548,0.9733885526657104,False
conditional_ldm_v4,0173,conditional_ldm_v4_0173.nii.gz,0.771484375,0.1735460899391091,6343,0.006806962568681319,0.9546827077865601,False
conditional_ldm_v4,0174,conditional_ldm_v4_0174.nii.gz,0.8740234375,0.8745025792189114,14652,0.015723729395604395,0.9809513092041016,False
conditional_ldm_v4,0175,conditional_ldm_v4_0175.nii.gz,0.896484375,0.8778548677810726,21848,0.023446085164835165,0.9816552400588989,False
conditional_ldm_v4,0176,conditional_ldm_v4_0176.nii.gz,0.84375,0.8423853026805329,10442,0.011205786401098901,0.975672721862793,False
conditional_ldm_v4,0177,conditional_ldm_v4_0177.nii.gz,0.869140625,0.7209988021746425,12878,0.013819969093406593,0.9718348383903503,False
conditional_ldm_v4,0178,conditional_ldm_v4_0178.nii.gz,0.79248046875,0.29108712584884217,15120,0.01622596153846154,0.9600991606712341,False
conditional_ldm_v4,0179,conditional_ldm_v4_0179.nii.gz,0.85986328125,0.5024635651680398,13811,0.014821213942307692,0.9713171720504761,False
conditional_ldm_v4,0180,conditional_ldm_v4_0180.nii.gz,0.89013671875,0.7232718139129292,21969,0.023575935782967034,0.9715070724487305,False
conditional_ldm_v4,0181,conditional_ldm_v4_0181.nii.gz,0.84912109375,0.6925420911694135,18988,0.020376888736263737,0.9633783102035522,False
conditional_ldm_v4,0182,conditional_ldm_v4_0182.nii.gz,0.8759765625,0.9034459406662925,20087,0.021556275755494507,0.9855426549911499,False
conditional_ldm_v4,0183,conditional_ldm_v4_0183.nii.gz,0.76416015625,0.45630725863331895,8519,0.009142127403846154,0.9638141989707947,False
conditional_ldm_v4,0184,conditional_ldm_v4_0184.nii.gz,0.88232421875,0.8577848370976416,13232,0.014199862637362637,0.9808224439620972,False
conditional_ldm_v4,0185,conditional_ldm_v4_0185.nii.gz,0.9033203125,0.8678723260679304,15419,0.016546832074175823,0.9799578785896301,False
conditional_ldm_v4,0186,conditional_ldm_v4_0186.nii.gz,0.85546875,0.5610603197304355,26183,0.02809817135989011,0.9660563468933105,False
conditional_ldm_v4,0187,conditional_ldm_v4_0187.nii.gz,0.8837890625,0.8577162219956385,15994,0.017163890796703298,0.981221616268158,False
conditional_ldm_v4,0188,conditional_ldm_v4_0188.nii.gz,0.853515625,0.22622486547764017,15361,0.016484589629120878,0.959661066532135,False
conditional_ldm_v4,0189,conditional_ldm_v4_0189.nii.gz,0.8759765625,0.5737873389971315,20115,0.021586323832417584,0.9744079113006592,False
conditional_ldm_v4,0190,conditional_ldm_v4_0190.nii.gz,0.826171875,0.6415909802694514,20155,0.021629249656593408,0.9712711572647095,False
conditional_ldm_v4,0191,conditional_ldm_v4_0191.nii.gz,0.89453125,0.8052799433027085,12823,0.013760946085164835,0.9748230576515198,False
conditional_ldm_v4,0192,conditional_ldm_v4_0192.nii.gz,0.88134765625,0.6530111067703003,11571,0.012417367788461538,0.9754581451416016,False
conditional_ldm_v4,0193,conditional_ldm_v4_0193.nii.gz,0.88037109375,0.8624853915076633,11102,0.0119140625,0.9781618118286133,False
conditional_ldm_v4,0194,conditional_ldm_v4_0194.nii.gz,0.84765625,0.7772823994326795,10894,0.011690848214285714,0.9721174836158752,False
conditional_ldm_v4,0195,conditional_ldm_v4_0195.nii.gz,0.87646484375,0.5929993136583488,18217,0.019549493475274727,0.9731648564338684,False
conditional_ldm_v4,0196,conditional_ldm_v4_0196.nii.gz,0.8662109375,0.7295719844359029,15523,0.01665843921703297,0.9732741713523865,False
conditional_ldm_v4,0197,conditional_ldm_v4_0197.nii.gz,0.8359375,0.6490596598579031,28425,0.030504163804945056,0.9738528728485107,False
conditional_ldm_v4,0198,conditional_ldm_v4_0198.nii.gz,0.8759765625,0.8849007040033866,23774,0.0255129635989011,0.9780300855636597,False
conditional_ldm_v4,0199,conditional_ldm_v4_0199.nii.gz,0.86474609375,0.27923028655130766,15787,0.016941749656593407,0.9698705077171326,False
